created_at,id,id_str,text,full_text,truncated,entities,source,in_reply_to_status_id,in_reply_to_status_id_str,in_reply_to_user_id,in_reply_to_user_id_str,in_reply_to_screen_name,geo,coordinates,place,contributors,is_quote_status,retweet_count,favorite_count,favorited,favorited_by,retweeted,scopes,lang,possibly_sensitive,display_text_width,display_text_range,retweeted_status,quoted_status,quoted_status_id,quoted_status_id_str,quoted_status_permalink,quote_count,timestamp_ms,reply_count,filter_level,metadata,query,withheld_scope,withheld_copyright,withheld_in_countries,possibly_sensitive_appealable
2023-02-04T12:35:27Z,1621849917986570200,1621849917986570240,Tengo muchos mensajes del equipo rival ğŸ˜³ no entiendo que  paso ğŸ™„?,Tengo muchos mensajes del equipo rival ğŸ˜³ no entiendo que  paso ğŸ™„?,FALSE,,"<a href=""http://twitter.com/download/iphone"" rel=""nofollow"">Twitter for iPhone</a>",NA,NA,NA,NA,NA,,,,NA,FALSE,813,30391,FALSE,NA,FALSE,NA,es,NA,NA,65,NA,,NA,NA,,NA,NA,NA,NA,NA,NA,NA,NA,NA,NA
2023-01-29T19:38:22Z,1619782021689282600,1619782021689282562,Gracias Dios por estos 3 puntos ğŸ™ seguimos fuertes equipo ğŸ’ªğŸ» vamos por mas ğŸ’›ğŸ’™ https://t.co/z6vfSt0Som,Gracias Dios por estos 3 puntos ğŸ™ seguimos fuertes equipo ğŸ’ªğŸ» vamos por mas ğŸ’›ğŸ’™ https://t.co/z6vfSt0Som,FALSE,,"<a href=""http://twitter.com/download/iphone"" rel=""nofollow"">Twitter for iPhone</a>",NA,NA,NA,NA,NA,,,,NA,FALSE,1188,50327,FALSE,NA,FALSE,NA,es,FALSE,NA,77,NA,,NA,NA,,NA,NA,NA,NA,NA,NA,NA,NA,NA,NA
2023-01-23T13:47:38Z,1617519428803129300,1617519428803129348,ğŸ‡ªğŸ‡¨ğŸ‡ªğŸ‡¨ https://t.co/5vz69PllVl,ğŸ‡ªğŸ‡¨ğŸ‡ªğŸ‡¨ https://t.co/5vz69PllVl,FALSE,,"<a href=""http://twitter.com/download/iphone"" rel=""nofollow"">Twitter for iPhone</a>",NA,NA,NA,NA,NA,,,,NA,TRUE,41,3385,FALSE,NA,FALSE,NA,art,FALSE,NA,4,NA,,1617492343040376800,1617492343040376835,,NA,NA,NA,NA,NA,NA,NA,NA,NA,NA
2023-01-19T21:19:38Z,1616183628546850800,1616183628546850826,Bravo takim ğŸ’›ğŸ’™ https://t.co/uY21xzqCR2,Bravo takim ğŸ’›ğŸ’™ https://t.co/uY21xzqCR2,FALSE,,"<a href=""http://twitter.com/download/iphone"" rel=""nofollow"">Twitter for iPhone</a>",NA,NA,NA,NA,NA,,,,NA,FALSE,324,24851,FALSE,NA,FALSE,NA,en,FALSE,NA,14,NA,,NA,NA,,NA,NA,NA,NA,NA,NA,NA,NA,NA,NA
2023-01-14T15:40:20Z,1614286298696777700,1614286298696777736,"Nos quedamos eternamente agradecidos por todo lo que hizo por la selecciÃ³n ğŸ‡ªğŸ‡¨ y cada uno de nosotros los jugadores, Gracias y muchos Ã©xitos para ud y todo su cuerpo tÃ©cnicoâ€¦ https://t.co/L7pQUjno1A","Nos quedamos eternamente agradecidos por todo lo que hizo por la selecciÃ³n ğŸ‡ªğŸ‡¨ y cada uno de nosotros los jugadores, Gracias y muchos Ã©xitos para ud y todo su cuerpo tÃ©cnicoâ€¦ https://t.co/L7pQUjno1A",FALSE,,"<a href=""http://twitter.com/download/iphone"" rel=""nofollow"">Twitter for iPhone</a>",NA,NA,NA,NA,NA,,,,NA,FALSE,201,5262,FALSE,NA,FALSE,NA,es,FALSE,NA,173,NA,,NA,NA,,NA,NA,NA,NA,NA,NA,NA,NA,NA,NA
2023-01-09T15:56:41Z,1612478476782821400,1612478476782821376,"Por nosotros, por todos nuestros fans ğŸ’›ğŸ’™ seguiremos luchando por el campeonato ğŸ’ªğŸ» en bÃ¼yÃ¼k @fenerbahce https://t.co/oQ8P88ewUo","Por nosotros, por todos nuestros fans ğŸ’›ğŸ’™ seguiremos luchando por el campeonato ğŸ’ªğŸ» en bÃ¼yÃ¼k @fenerbahce https://t.co/oQ8P88ewUo",FALSE,,"<a href=""http://twitter.com/download/iphone"" rel=""nofollow"">Twitter for iPhone</a>",NA,NA,NA,NA,NA,,,,NA,FALSE,196,13870,FALSE,NA,FALSE,NA,es,FALSE,NA,102,NA,,NA,NA,,NA,NA,NA,NA,NA,NA,NA,NA,NA,NA
2023-01-02T04:52:11Z,1609774532331544600,1609774532331544577,"Lo mejor para ti amigo querido,fue un placer compartir estos aÃ±os contigo.

Abrazo fuerte y muchas bendiciones en este nuevo aÃ±o ğŸ™ https://t.co/bhcwayqD8U","Lo mejor para ti amigo querido,fue un placer compartir estos aÃ±os contigo.

Abrazo fuerte y muchas bendiciones en este nuevo aÃ±o ğŸ™ https://t.co/bhcwayqD8U",FALSE,,"<a href=""http://twitter.com/download/iphone"" rel=""nofollow"">Twitter for iPhone</a>",NA,NA,NA,NA,NA,,,,NA,TRUE,11,926,FALSE,NA,FALSE,NA,es,FALSE,NA,130,NA,,1609330963192115200,1609330963192115201,,NA,NA,NA,NA,NA,NA,NA,NA,NA,NA
2022-12-31T20:31:43Z,1609286198635237400,1609286198635237382,"Gracias 2022 un aÃ±o de mucho aprendizaje, Feliz aÃ±o nuevo ğŸŠğŸ†ğŸˆ bendecido 2023â€¦ https://t.co/2TGesmEjgI","Gracias 2022 un aÃ±o de mucho aprendizaje, Feliz aÃ±o nuevo ğŸŠğŸ†ğŸˆ bendecido 2023â€¦ https://t.co/2TGesmEjgI",FALSE,,"<a href=""http://twitter.com/download/iphone"" rel=""nofollow"">Twitter for iPhone</a>",NA,NA,NA,NA,NA,,,,NA,FALSE,1075,35564,FALSE,NA,FALSE,NA,es,FALSE,NA,77,NA,,NA,NA,,NA,NA,NA,NA,NA,NA,NA,NA,NA,NA
2022-12-31T07:07:55Z,1609083915377180700,1609083915377180674,ğŸ¤£ğŸ˜‚ğŸ¤£ğŸ˜‚ Buena amigo ğŸ’ªğŸ» https://t.co/tXGDgEENsH,ğŸ¤£ğŸ˜‚ğŸ¤£ğŸ˜‚ Buena amigo ğŸ’ªğŸ» https://t.co/tXGDgEENsH,FALSE,,"<a href=""http://twitter.com/download/iphone"" rel=""nofollow"">Twitter for iPhone</a>",NA,NA,NA,NA,NA,,,,NA,TRUE,29,2632,FALSE,NA,FALSE,NA,es,FALSE,NA,19,NA,,1608931751522631700,1608931751522631680,,NA,NA,NA,NA,NA,NA,NA,NA,NA,NA
2022-12-29T19:52:27Z,1608551540268339200,1608551540268339200,Descansa en paz ğŸ‘‘ PELÃ‰ ğŸ™ https://t.co/0CTaCFNQ4i,Descansa en paz ğŸ‘‘ PELÃ‰ ğŸ™ https://t.co/0CTaCFNQ4i,FALSE,,"<a href=""http://twitter.com/download/iphone"" rel=""nofollow"">Twitter for iPhone</a>",NA,NA,NA,NA,NA,,,,NA,FALSE,562,14855,FALSE,NA,FALSE,NA,es,FALSE,NA,24,NA,,NA,NA,,NA,NA,NA,NA,NA,NA,NA,NA,NA,NA
2022-12-25T08:04:45Z,1606923889958862800,1606923889958862849,Les deseamos a todos una Feliz Navidad ğŸğŸ„ llena de amor paz y muchas bendicionesâ€¦ https://t.co/lGqyes7EqT,Les deseamos a todos una Feliz Navidad ğŸğŸ„ llena de amor paz y muchas bendicionesâ€¦ https://t.co/lGqyes7EqT,FALSE,,"<a href=""http://twitter.com/download/iphone"" rel=""nofollow"">Twitter for iPhone</a>",NA,NA,NA,NA,NA,,,,NA,FALSE,308,18592,FALSE,NA,FALSE,NA,es,FALSE,NA,81,NA,,NA,NA,,NA,NA,NA,NA,NA,NA,NA,NA,NA,NA
2022-12-19T17:57:10Z,1604898650949357600,1604898650949357569,ğŸ˜‰ğŸ˜‰ğŸ¤“ https://t.co/8ohzxVeNaA,ğŸ˜‰ğŸ˜‰ğŸ¤“ https://t.co/8ohzxVeNaA,FALSE,,"<a href=""http://twitter.com/download/iphone"" rel=""nofollow"">Twitter for iPhone</a>",NA,NA,NA,NA,NA,,,,NA,TRUE,100,7021,FALSE,NA,FALSE,NA,art,FALSE,NA,3,NA,,1604892910255685600,1604892910255685632,,NA,NA,NA,NA,NA,NA,NA,NA,NA,NA
2022-12-18T17:56:25Z,1604536075879424e3,1604536075879424003,"INCREÃBLE, Felicitaciones Argentina ğŸ‘ğŸ»ğŸ‘ğŸ»ğŸ‘ğŸ»ğŸ‘ğŸ»ğŸ‘ğŸ»","INCREÃBLE, Felicitaciones Argentina ğŸ‘ğŸ»ğŸ‘ğŸ»ğŸ‘ğŸ»ğŸ‘ğŸ»ğŸ‘ğŸ»",FALSE,,"<a href=""http://twitter.com/download/iphone"" rel=""nofollow"">Twitter for iPhone</a>",NA,NA,NA,NA,NA,,,,NA,FALSE,474,11888,FALSE,NA,FALSE,NA,es,NA,NA,46,NA,,NA,NA,,NA,NA,NA,NA,NA,NA,NA,NA,NA,NA
2022-12-18T16:50:21Z,1604519446101561300,1604519446101561344,Wow,Wow,FALSE,,"<a href=""http://twitter.com/download/iphone"" rel=""nofollow"">Twitter for iPhone</a>",NA,NA,NA,NA,NA,,,,NA,FALSE,614,30529,FALSE,NA,FALSE,NA,qst,NA,NA,3,NA,,NA,NA,,NA,NA,NA,NA,NA,NA,NA,NA,NA,NA
2022-12-15T07:40:17Z,1603293853699678200,1603293853699678208,ğŸ˜‚ğŸ˜‚ğŸ˜‚ğŸ˜‚ https://t.co/GqvuO0yLtX,ğŸ˜‚ğŸ˜‚ğŸ˜‚ğŸ˜‚ https://t.co/GqvuO0yLtX,FALSE,,"<a href=""http://twitter.com/download/iphone"" rel=""nofollow"">Twitter for iPhone</a>",NA,NA,NA,NA,NA,,,,NA,TRUE,175,7192,FALSE,NA,FALSE,NA,art,FALSE,NA,4,NA,,1603231054722207700,1603231054722207745,,NA,NA,NA,NA,NA,NA,NA,NA,NA,NA
2022-12-13T06:56:26Z,1602558045002817500,1602558045002817536,ğŸ™ŒğŸ™Œ https://t.co/uEHWyYjPPl,ğŸ™ŒğŸ™Œ https://t.co/uEHWyYjPPl,FALSE,,"<a href=""http://twitter.com/download/iphone"" rel=""nofollow"">Twitter for iPhone</a>",NA,NA,NA,NA,NA,,,,NA,TRUE,157,15229,FALSE,NA,FALSE,NA,art,FALSE,NA,2,NA,,1602353856079401e3,1602353856079400961,,NA,NA,NA,NA,NA,NA,NA,NA,NA,NA
2022-12-05T16:47:53Z,1599807785301991400,1599807785301991429,â¤ï¸ğŸ‡ªğŸ‡¨ https://t.co/5Zovp3smnS,â¤ï¸ğŸ‡ªğŸ‡¨ https://t.co/5Zovp3smnS,FALSE,,"<a href=""http://twitter.com/download/iphone"" rel=""nofollow"">Twitter for iPhone</a>",NA,NA,NA,NA,NA,,,,NA,FALSE,1488,20723,FALSE,NA,FALSE,NA,und,FALSE,NA,4,NA,,NA,NA,,NA,NA,NA,NA,NA,NA,NA,NA,NA,NA
2022-12-04T20:31:43Z,1599501728201597e3,1599501728201596929,â˜ºï¸â˜ºï¸ğŸ™Œ https://t.co/1DSRlggsnW,â˜ºï¸â˜ºï¸ğŸ™Œ https://t.co/1DSRlggsnW,FALSE,,"<a href=""http://twitter.com/download/iphone"" rel=""nofollow"">Twitter for iPhone</a>",NA,NA,NA,NA,NA,,,,NA,TRUE,158,7111,FALSE,NA,FALSE,NA,art,FALSE,NA,5,NA,,1599497703666331600,1599497703666331648,,NA,NA,NA,NA,NA,NA,NA,NA,NA,NA
2022-12-03T05:51:26Z,1598917805952225300,1598917805952225280,ğŸ˜”ğŸ˜ https://t.co/XerER6tAQG,ğŸ˜”ğŸ˜ https://t.co/XerER6tAQG,FALSE,,"<a href=""http://twitter.com/download/iphone"" rel=""nofollow"">Twitter for iPhone</a>",NA,NA,NA,NA,NA,,,,NA,TRUE,528,15549,FALSE,NA,FALSE,NA,art,FALSE,NA,2,NA,,1598797656578326500,1598797656578326528,,NA,NA,NA,NA,NA,NA,NA,NA,NA,NA
2022-11-25T20:08:19Z,1596234347413213200,1596234347413213185,Sigue confiando! Que seguiremos luchando ğŸ‡ªğŸ‡¨ https://t.co/IUfqNGgrcA,Sigue confiando! Que seguiremos luchando ğŸ‡ªğŸ‡¨ https://t.co/IUfqNGgrcA,FALSE,,"<a href=""http://twitter.com/download/iphone"" rel=""nofollow"">Twitter for iPhone</a>",NA,NA,NA,NA,NA,,,,NA,FALSE,6149,82325,FALSE,NA,FALSE,NA,es,FALSE,NA,43,NA,,NA,NA,,NA,NA,NA,NA,NA,NA,NA,NA,NA,NA
2022-11-24T14:41:07Z,1.5957896153859359e+18,1595789615385935873,We are proud of being involved in this meaningful project https://t.co/qKvKxFczeG,We are proud of being involved in this meaningful project https://t.co/qKvKxFczeG,FALSE,,"<a href=""http://twitter.com/download/iphone"" rel=""nofollow"">Twitter for iPhone</a>",NA,NA,NA,NA,NA,,,,NA,TRUE,206,9839,FALSE,NA,FALSE,NA,en,FALSE,NA,57,NA,,1595662329101811700,1595662329101811714,,NA,NA,NA,NA,NA,NA,NA,NA,NA,NA
2022-11-24T13:04:06Z,1595765200598204400,1595765200598204416,ğŸ˜‚ğŸ˜‚ Hermano this is uncontrollable https://t.co/UQAQPRljNX,ğŸ˜‚ğŸ˜‚ Hermano this is uncontrollable https://t.co/UQAQPRljNX,FALSE,,"<a href=""http://twitter.com/download/iphone"" rel=""nofollow"">Twitter for iPhone</a>",NA,NA,NA,NA,NA,,,,NA,TRUE,405,18632,FALSE,NA,FALSE,NA,en,FALSE,NA,33,NA,,1595558877457748e3,1595558877457747968,,NA,NA,NA,NA,NA,NA,NA,NA,NA,NA
2022-11-23T20:50:12Z,1595520112177692700,1595520112177692672,Bravo hermano @mbatshuayi ğŸ‘ğŸ»ğŸ‘ğŸ»âš½ï¸,Bravo hermano @mbatshuayi ğŸ‘ğŸ»ğŸ‘ğŸ»âš½ï¸,FALSE,,"<a href=""http://twitter.com/download/iphone"" rel=""nofollow"">Twitter for iPhone</a>",NA,NA,NA,NA,NA,,,,NA,FALSE,1200,57539,FALSE,NA,FALSE,NA,es,NA,NA,32,NA,,NA,NA,,NA,NA,NA,NA,NA,NA,NA,NA,NA,NA
2022-11-20T19:36:08Z,1594414309546811400,1594414309546811392,Calma y ConfÃ­a Ecuador ğŸ‡ªğŸ‡¨ https://t.co/Lgq9xAFPPf,Calma y ConfÃ­a Ecuador ğŸ‡ªğŸ‡¨ https://t.co/Lgq9xAFPPf,FALSE,,"<a href=""http://twitter.com/download/iphone"" rel=""nofollow"">Twitter for iPhone</a>",NA,NA,NA,NA,NA,,,,NA,FALSE,9469,172122,FALSE,NA,FALSE,NA,es,FALSE,NA,25,NA,,NA,NA,,NA,NA,NA,NA,NA,NA,NA,NA,NA,NA
2022-11-17T19:13:50Z,1593321534176780300,1593321534176780290,Â¡Vamos Ecuador ğŸ‡ªğŸ‡¨! #HaremosHistoria https://t.co/5ttA9nqIhg,Â¡Vamos Ecuador ğŸ‡ªğŸ‡¨! #HaremosHistoria https://t.co/5ttA9nqIhg,FALSE,,"<a href=""http://twitter.com/download/iphone"" rel=""nofollow"">Twitter for iPhone</a>",NA,NA,NA,NA,NA,,,,NA,TRUE,158,6237,FALSE,NA,FALSE,NA,es,FALSE,NA,35,NA,,1592679942168662e3,1592679942168662016,,NA,NA,NA,NA,NA,NA,NA,NA,NA,NA
2022-11-16T17:41:10Z,1592935823061971e3,1592935823061970945,ğŸ‘Œ https://t.co/AvqjQaSgu1,ğŸ‘Œ https://t.co/AvqjQaSgu1,FALSE,,"<a href=""http://twitter.com/download/iphone"" rel=""nofollow"">Twitter for iPhone</a>",NA,NA,NA,NA,NA,,,,NA,TRUE,181,13076,FALSE,NA,FALSE,NA,art,FALSE,NA,1,NA,,1592933042066460700,1592933042066460672,,NA,NA,NA,NA,NA,NA,NA,NA,NA,NA
2022-11-15T06:38:07Z,1592406575503016e3,1592406575503015936,Estoy muy feliz y orgulloso de seguir formando parte  de este grupo ğŸ’ªğŸ» dejaremos la vida por ti #tricolorğŸ‡ªğŸ‡¨ğŸ‡ªğŸ‡¨ğŸ‡ªğŸ‡¨  @LaTri https://t.co/CJKkytPoZA,Estoy muy feliz y orgulloso de seguir formando parte  de este grupo ğŸ’ªğŸ» dejaremos la vida por ti #tricolorğŸ‡ªğŸ‡¨ğŸ‡ªğŸ‡¨ğŸ‡ªğŸ‡¨  @LaTri https://t.co/CJKkytPoZA,FALSE,,"<a href=""http://twitter.com/download/iphone"" rel=""nofollow"">Twitter for iPhone</a>",NA,NA,NA,NA,NA,,,,NA,FALSE,590,22371,FALSE,NA,FALSE,NA,es,FALSE,NA,119,NA,,NA,NA,,NA,NA,NA,NA,NA,NA,NA,NA,NA,NA
2022-11-08T07:27:28Z,1589882278427041800,1589882278427041794,@Fenerbahce Family â¤ï¸ https://t.co/tjfn8KdoyB,@Fenerbahce Family â¤ï¸ https://t.co/tjfn8KdoyB,FALSE,,"<a href=""http://twitter.com/download/iphone"" rel=""nofollow"">Twitter for iPhone</a>",NA,NA,11525172,11525172,Fenerbahce,,,,NA,FALSE,236,13417,FALSE,NA,FALSE,NA,en,FALSE,NA,21,NA,,NA,NA,,NA,NA,NA,NA,NA,NA,NA,NA,NA,NA
2022-11-05T08:30:05Z,1588810871794733e3,1588810871794733057,Muchas gracias amigo ğŸ™ fuerte abrazo ğŸ«‚ https://t.co/ac9a6L9pWG,Muchas gracias amigo ğŸ™ fuerte abrazo ğŸ«‚ https://t.co/ac9a6L9pWG,FALSE,,"<a href=""http://twitter.com/download/iphone"" rel=""nofollow"">Twitter for iPhone</a>",NA,NA,NA,NA,NA,,,,NA,TRUE,18,1790,FALSE,NA,FALSE,NA,es,FALSE,NA,38,NA,,1588670255127462e3,1588670255127461888,,NA,NA,NA,NA,NA,NA,NA,NA,NA,NA
2022-11-04T13:30:35Z,1588524109125718e3,1588524109125718017,Gracias ğŸ™Œ https://t.co/ZBvdNoRnUh,Gracias ğŸ™Œ https://t.co/ZBvdNoRnUh,FALSE,,"<a href=""http://twitter.com/download/iphone"" rel=""nofollow"">Twitter for iPhone</a>",NA,NA,NA,NA,NA,,,,NA,TRUE,31,3257,FALSE,NA,FALSE,NA,es,FALSE,NA,9,NA,,1588501107294490600,1588501107294490626,,NA,NA,NA,NA,NA,NA,NA,NA,NA,NA
2022-11-04T11:31:39Z,1588494179721617400,1588494179721617409,thank you very much to all our fans for the support ğŸ’ªğŸ» to the next round @Fenerbahce ğŸ’›ğŸ’™ https://t.co/OXWMEW4YdF,thank you very much to all our fans for the support ğŸ’ªğŸ» to the next round @Fenerbahce ğŸ’›ğŸ’™ https://t.co/OXWMEW4YdF,FALSE,,"<a href=""http://twitter.com/download/iphone"" rel=""nofollow"">Twitter for iPhone</a>",NA,NA,NA,NA,NA,,,,NA,FALSE,315,18335,FALSE,NA,FALSE,NA,en,FALSE,NA,87,NA,,NA,NA,,NA,NA,NA,NA,NA,NA,NA,NA,NA,NA
2022-11-04T10:41:49Z,1588481635032236e3,1588481635032236032,ğŸ¤ğŸ™Œ https://t.co/Pds62c7ch5,ğŸ¤ğŸ™Œ https://t.co/Pds62c7ch5,FALSE,,"<a href=""http://twitter.com/download/iphone"" rel=""nofollow"">Twitter for iPhone</a>",NA,NA,NA,NA,NA,,,,NA,TRUE,132,9925,FALSE,NA,FALSE,NA,art,FALSE,NA,2,NA,,1588418265453240300,1588418265453240320,,NA,NA,NA,NA,NA,NA,NA,NA,NA,NA
2022-11-04T10:41:00Z,1588481433609597e3,1588481433609596929,ğŸ‘ŒğŸ™Œ https://t.co/YwmTpvzzT3,ğŸ‘ŒğŸ™Œ https://t.co/YwmTpvzzT3,FALSE,,"<a href=""http://twitter.com/download/iphone"" rel=""nofollow"">Twitter for iPhone</a>",NA,NA,NA,NA,NA,,,,NA,TRUE,117,8993,FALSE,NA,FALSE,NA,art,FALSE,NA,2,NA,,1588478913994293200,1588478913994293248,,NA,NA,NA,NA,NA,NA,NA,NA,NA,NA
2022-10-31T13:13:29Z,1587070255670743e3,1587070255670743041,together ğŸ’ªğŸ» ğŸ’›ğŸ’™ https://t.co/pTgpFKCwYq,together ğŸ’ªğŸ» ğŸ’›ğŸ’™ https://t.co/pTgpFKCwYq,FALSE,,"<a href=""http://twitter.com/download/iphone"" rel=""nofollow"">Twitter for iPhone</a>",NA,NA,NA,NA,NA,,,,NA,TRUE,207,14686,FALSE,NA,FALSE,NA,en,FALSE,NA,14,NA,,1586803438826004500,1586803438826004480,,NA,NA,NA,NA,NA,NA,NA,NA,NA,NA
2022-10-30T19:46:55Z,1586806875345113e3,1586806875345113098,+3 @fenerbahce ğŸ’ªğŸ»ğŸ’ªğŸ» https://t.co/68vwjJsYqJ,+3 @fenerbahce ğŸ’ªğŸ»ğŸ’ªğŸ» https://t.co/68vwjJsYqJ,FALSE,,"<a href=""http://twitter.com/download/iphone"" rel=""nofollow"">Twitter for iPhone</a>",NA,NA,NA,NA,NA,,,,NA,FALSE,470,30749,FALSE,NA,FALSE,NA,und,FALSE,NA,19,NA,,NA,NA,,NA,NA,NA,NA,NA,NA,NA,NA,NA,NA
2022-10-27T20:24:54Z,1585729270697132e3,1585729270697132033,@EuropaLeague https://t.co/773XTTy88r,@EuropaLeague https://t.co/773XTTy88r,FALSE,,"<a href=""http://twitter.com/download/iphone"" rel=""nofollow"">Twitter for iPhone</a>",NA,NA,789605024,789605024,EuropaLeague,,,,NA,FALSE,141,9482,FALSE,NA,FALSE,NA,qme,FALSE,NA,13,NA,,NA,NA,,NA,NA,NA,NA,NA,NA,NA,NA,NA,NA
2022-10-10T10:02:59Z,1579412167564361700,1579412167564361728,ğŸ–‹ Gran  trabajo EQUIPO ğŸ’ªğŸ» @fenerbahce https://t.co/bn5EBvtSse,ğŸ–‹ Gran  trabajo EQUIPO ğŸ’ªğŸ» @fenerbahce https://t.co/bn5EBvtSse,FALSE,,"<a href=""http://twitter.com/download/iphone"" rel=""nofollow"">Twitter for iPhone</a>",NA,NA,NA,NA,NA,,,,NA,FALSE,444,33918,FALSE,NA,FALSE,NA,es,FALSE,NA,37,NA,,NA,NA,,NA,NA,NA,NA,NA,NA,NA,NA,NA,NA
2022-09-30T05:04:00Z,1575713045698912300,1575713045698912257,ğŸ‘Œ https://t.co/Bjn6rtHsau,ğŸ‘Œ https://t.co/Bjn6rtHsau,FALSE,,"<a href=""http://twitter.com/download/iphone"" rel=""nofollow"">Twitter for iPhone</a>",NA,NA,NA,NA,NA,,,,NA,TRUE,183,20689,FALSE,NA,FALSE,NA,art,FALSE,NA,1,NA,,1575446540222546e3,1575446540222545920,,NA,NA,NA,NA,NA,NA,NA,NA,NA,NA
2022-09-27T06:28:39Z,1574647186389770200,1574647186389770241,ğŸ¤” https://t.co/UoThRd45GW,ğŸ¤” https://t.co/UoThRd45GW,FALSE,,"<a href=""http://twitter.com/download/iphone"" rel=""nofollow"">Twitter for iPhone</a>",NA,NA,NA,NA,NA,,,,NA,TRUE,116,5495,FALSE,NA,FALSE,NA,art,FALSE,NA,1,NA,,1574521947865555e3,1574521947865554945,,NA,NA,NA,NA,NA,NA,NA,NA,NA,NA
2022-09-23T09:27:24Z,1.5732426183514399e+18,1573242618351439873,ğŸ˜ğŸ˜ https://t.co/8rbV9C7q5v,ğŸ˜ğŸ˜ https://t.co/8rbV9C7q5v,FALSE,,"<a href=""http://twitter.com/download/iphone"" rel=""nofollow"">Twitter for iPhone</a>",NA,NA,NA,NA,NA,,,,NA,TRUE,25,4327,FALSE,NA,FALSE,NA,art,FALSE,NA,2,NA,,1573088606197252e3,1573088606197252096,,NA,NA,NA,NA,NA,NA,NA,NA,NA,NA
2022-09-21T18:14:04Z,1572650381649547300,1572650381649547264,@LaTri https://t.co/APeF2kfgth,@LaTri https://t.co/APeF2kfgth,FALSE,,"<a href=""http://twitter.com/download/iphone"" rel=""nofollow"">Twitter for iPhone</a>",NA,NA,1131208134977032200,1131208134977032193,LaTri,,,,NA,FALSE,1,175,FALSE,NA,FALSE,NA,qme,FALSE,NA,6,NA,,NA,NA,,NA,NA,NA,NA,NA,NA,NA,NA,NA,NA
2022-09-18T20:21:38Z,1571595322505269200,1571595322505269252,ğŸ’›ğŸ’™ +3 https://t.co/oMdT7xP8Gz,ğŸ’›ğŸ’™ +3 https://t.co/oMdT7xP8Gz,FALSE,,"<a href=""http://twitter.com/download/iphone"" rel=""nofollow"">Twitter for iPhone</a>",NA,NA,NA,NA,NA,,,,NA,FALSE,534,41952,FALSE,NA,FALSE,NA,und,FALSE,NA,5,NA,,NA,NA,,NA,NA,NA,NA,NA,NA,NA,NA,NA,NA
2022-09-16T16:48:46Z,1570816979078115300,1570816979078115331,ğŸ˜Š https://t.co/swX3hI45IF,ğŸ˜Š https://t.co/swX3hI45IF,FALSE,,"<a href=""http://twitter.com/download/iphone"" rel=""nofollow"">Twitter for iPhone</a>",NA,NA,NA,NA,NA,,,,NA,FALSE,153,22466,FALSE,NA,FALSE,NA,und,FALSE,NA,1,NA,,NA,NA,,NA,NA,NA,NA,NA,NA,NA,NA,NA,NA
2022-09-07T04:57:18Z,1567376441112776700,1567376441112776704,â³ https://t.co/qTAv1KQC5K,â³ https://t.co/qTAv1KQC5K,FALSE,,"<a href=""http://twitter.com/download/iphone"" rel=""nofollow"">Twitter for iPhone</a>",NA,NA,NA,NA,NA,,,,NA,TRUE,41,6124,FALSE,NA,FALSE,NA,art,FALSE,NA,1,NA,,156730952483439e4,1567309524834390021,,NA,NA,NA,NA,NA,NA,NA,NA,NA,NA
2022-08-29T21:25:53Z,1564363736063905800,1564363736063905795,ğŸ’›ğŸ’™ https://t.co/T77waZYCvR,ğŸ’›ğŸ’™ https://t.co/T77waZYCvR,FALSE,,"<a href=""http://twitter.com/download/iphone"" rel=""nofollow"">Twitter for iPhone</a>",NA,NA,NA,NA,NA,,,,NA,FALSE,598,25652,FALSE,NA,FALSE,NA,und,FALSE,NA,2,NA,,NA,NA,,NA,NA,NA,NA,NA,NA,NA,NA,NA,NA
2022-08-25T09:59:51Z,1562741535514726400,1562741535514726400,ğŸ‘ŒğŸ˜ https://t.co/1oJY01m7Dy,ğŸ‘ŒğŸ˜ https://t.co/1oJY01m7Dy,FALSE,,"<a href=""http://twitter.com/download/iphone"" rel=""nofollow"">Twitter for iPhone</a>",NA,NA,NA,NA,NA,,,,NA,TRUE,128,13288,FALSE,NA,FALSE,NA,art,FALSE,NA,2,NA,,1562370589276487700,1562370589276487680,,NA,NA,NA,NA,NA,NA,NA,NA,NA,NA
2022-08-24T09:14:35Z,1562367757584318500,1562367757584318465,ğŸ’ªğŸ»ğŸ’ªğŸ» https://t.co/zcLidsLiqe,ğŸ’ªğŸ»ğŸ’ªğŸ» https://t.co/zcLidsLiqe,FALSE,,"<a href=""http://twitter.com/download/iphone"" rel=""nofollow"">Twitter for iPhone</a>",NA,NA,NA,NA,NA,,,,NA,TRUE,103,11876,FALSE,NA,FALSE,NA,art,FALSE,NA,4,NA,,1562119169960714200,1562119169960714242,,NA,NA,NA,NA,NA,NA,NA,NA,NA,NA
2022-08-23T14:15:14Z,1562081029925617700,1562081029925617665,â˜ºï¸â˜ºï¸ https://t.co/Pi0slsruMk,â˜ºï¸â˜ºï¸ https://t.co/Pi0slsruMk,FALSE,,"<a href=""http://twitter.com/download/iphone"" rel=""nofollow"">Twitter for iPhone</a>",NA,NA,NA,NA,NA,,,,NA,TRUE,77,9701,FALSE,NA,FALSE,NA,art,FALSE,NA,4,NA,,1562077878573047800,1562077878573047813,,NA,NA,NA,NA,NA,NA,NA,NA,NA,NA
2022-08-23T06:46:17Z,1561968047367266300,1561968047367266304,Seguimos ğŸ’›ğŸ’™ @fenerbahce https://t.co/atqCWhdF83,Seguimos ğŸ’›ğŸ’™ @fenerbahce https://t.co/atqCWhdF83,FALSE,,"<a href=""http://twitter.com/download/iphone"" rel=""nofollow"">Twitter for iPhone</a>",NA,NA,NA,NA,NA,,,,NA,FALSE,410,28212,FALSE,NA,FALSE,NA,es,FALSE,NA,23,NA,,NA,NA,,NA,NA,NA,NA,NA,NA,NA,NA,NA,NA
2022-08-20T09:26:10Z,1560921122731921400,1560921122731921408,ğŸ’ªğŸ»ğŸ‡ªğŸ‡¨ https://t.co/MRKiyO1jNg,ğŸ’ªğŸ»ğŸ‡ªğŸ‡¨ https://t.co/MRKiyO1jNg,FALSE,,"<a href=""http://twitter.com/download/iphone"" rel=""nofollow"">Twitter for iPhone</a>",NA,NA,NA,NA,NA,,,,NA,TRUE,10,4106,FALSE,NA,FALSE,NA,art,FALSE,NA,4,NA,,1560805275686281200,1560805275686281216,,NA,NA,NA,NA,NA,NA,NA,NA,NA,NA
2022-08-16T05:36:44Z,1559413830932996e3,1559413830932996099,keep going @Fenerbahce ğŸ‘ğŸ»ğŸ‘ğŸ» https://t.co/1DwgbfY3Im,keep going @Fenerbahce ğŸ‘ğŸ»ğŸ‘ğŸ» https://t.co/1DwgbfY3Im,FALSE,,"<a href=""http://twitter.com/download/iphone"" rel=""nofollow"">Twitter for iPhone</a>",NA,NA,NA,NA,NA,,,,NA,FALSE,276,25084,FALSE,NA,FALSE,NA,en,FALSE,NA,27,NA,,NA,NA,,NA,NA,NA,NA,NA,NA,NA,NA,NA,NA
2022-08-10T11:48:27Z,1557333048483610600,1557333048483610624,#NuevaFotoDePerfil https://t.co/sHIBXgxaxZ,#NuevaFotoDePerfil https://t.co/sHIBXgxaxZ,FALSE,,"<a href=""http://twitter.com/download/iphone"" rel=""nofollow"">Twitter for iPhone</a>",NA,NA,NA,NA,NA,,,,NA,FALSE,76,10748,FALSE,NA,FALSE,NA,qme,FALSE,NA,18,NA,,NA,NA,,NA,NA,NA,NA,NA,NA,NA,NA,NA,NA
2022-08-05T16:19:40Z,1555589362275975200,1555589362275975168,El campeonato llegarÃ¡ ğŸ’ªğŸ» @Fenerbahce https://t.co/CL7AcBprXL,El campeonato llegarÃ¡ ğŸ’ªğŸ» @Fenerbahce https://t.co/CL7AcBprXL,FALSE,,"<a href=""http://twitter.com/download/iphone"" rel=""nofollow"">Twitter for iPhone</a>",NA,NA,NA,NA,NA,,,,NA,TRUE,147,10270,FALSE,NA,FALSE,NA,es,FALSE,NA,36,NA,,1555586224584286200,1555586224584286210,,NA,NA,NA,NA,NA,NA,NA,NA,NA,NA
2022-07-21T07:49:51Z,1550025247612608500,1550025247612608512,Gran esfuerzo equipo @fenerbahce ğŸŸ¡ğŸ”µ ya listos para el partido de vuelta ğŸ’ªğŸ» https://t.co/aGSlTsKZ9R,Gran esfuerzo equipo @fenerbahce ğŸŸ¡ğŸ”µ ya listos para el partido de vuelta ğŸ’ªğŸ» https://t.co/aGSlTsKZ9R,FALSE,,"<a href=""http://twitter.com/download/iphone"" rel=""nofollow"">Twitter for iPhone</a>",NA,NA,NA,NA,NA,,,,NA,FALSE,110,13429,FALSE,NA,FALSE,NA,es,FALSE,NA,74,NA,,NA,NA,,NA,NA,NA,NA,NA,NA,NA,NA,NA,NA
2022-07-19T19:57:04Z,1549483480479895600,1549483480479895553,ğŸ‡ªğŸ‡¨ğŸ‘ŒğŸ‘ŠğŸ»ğŸ¤ª https://t.co/YStrJpcDHj,ğŸ‡ªğŸ‡¨ğŸ‘ŒğŸ‘ŠğŸ»ğŸ¤ª https://t.co/YStrJpcDHj,FALSE,,"<a href=""http://twitter.com/download/iphone"" rel=""nofollow"">Twitter for iPhone</a>",NA,NA,NA,NA,NA,,,,NA,TRUE,24,3347,FALSE,NA,FALSE,NA,art,FALSE,NA,6,NA,,1549446469501042700,1549446469501042688,,NA,NA,NA,NA,NA,NA,NA,NA,NA,NA
2022-06-24T06:23:41Z,1540219090916229e3,1540219090916229124,Dios te bendiga hermano ğŸ™ https://t.co/iEVCISkN93,Dios te bendiga hermano ğŸ™ https://t.co/iEVCISkN93,FALSE,,"<a href=""http://twitter.com/download/iphone"" rel=""nofollow"">Twitter for iPhone</a>",NA,NA,NA,NA,NA,,,,NA,TRUE,6,372,FALSE,NA,FALSE,NA,es,FALSE,NA,25,NA,,1540145510639599600,1540145510639599617,,NA,NA,NA,NA,NA,NA,NA,NA,NA,NA
2022-06-10T15:42:14Z,1535286221945163800,1535286221945163780,ğŸ¤« https://t.co/enT9ho4NhJ,ğŸ¤« https://t.co/enT9ho4NhJ,FALSE,,"<a href=""http://twitter.com/download/iphone"" rel=""nofollow"">Twitter for iPhone</a>",NA,NA,NA,NA,NA,,,,NA,FALSE,963,19609,FALSE,NA,FALSE,NA,und,FALSE,NA,1,NA,,NA,NA,,NA,NA,NA,NA,NA,NA,NA,NA,NA,NA
2022-06-03T13:41:10Z,1532719041667793e3,1532719041667792900,"No solo fue  un partido preparatorio para nuestro sueÃ±o ( Qatar) ,fue darle una pequeÃ±a alegrÃ­a a nuestra gente que hace patria afuera de nuestra patria. Todos soÃ±amos con nuestro querido Ecuador unido, donde nuestros niÃ±os puedan crecer en un ambiente de paz y uniÃ³n nacional ğŸ‡ªğŸ‡¨ https://t.co/quE9hhLb8F","No solo fue  un partido preparatorio para nuestro sueÃ±o ( Qatar) ,fue darle una pequeÃ±a alegrÃ­a a nuestra gente que hace patria afuera de nuestra patria. Todos soÃ±amos con nuestro querido Ecuador unido, donde nuestros niÃ±os puedan crecer en un ambiente de paz y uniÃ³n nacional ğŸ‡ªğŸ‡¨ https://t.co/quE9hhLb8F",FALSE,,"<a href=""http://twitter.com/download/iphone"" rel=""nofollow"">Twitter for iPhone</a>",NA,NA,NA,NA,NA,,,,NA,FALSE,108,1992,FALSE,NA,FALSE,NA,es,FALSE,NA,279,NA,,NA,NA,,NA,NA,NA,NA,NA,NA,NA,NA,NA,NA
2022-05-31T16:30:50Z,1531674575871873e3,1531674575871873024,@LaTri ğŸ’›ğŸ’™â¤ï¸ https://t.co/oPBu2G8v1W,@LaTri ğŸ’›ğŸ’™â¤ï¸ https://t.co/oPBu2G8v1W,FALSE,,"<a href=""http://twitter.com/download/iphone"" rel=""nofollow"">Twitter for iPhone</a>",NA,NA,1131208134977032200,1131208134977032193,LaTri,,,,NA,FALSE,2,118,FALSE,NA,FALSE,NA,und,FALSE,NA,11,NA,,NA,NA,,NA,NA,NA,NA,NA,NA,NA,NA,NA,NA
2022-05-28T20:28:27Z,1530647209343176700,1530647209343176705,Que Dios bendiga a cada uno de ellos y que sus sueÃ±os se puedan cumplir ğŸ™ğŸ’ªğŸ» https://t.co/uKVywfZtDa,Que Dios bendiga a cada uno de ellos y que sus sueÃ±os se puedan cumplir ğŸ™ğŸ’ªğŸ» https://t.co/uKVywfZtDa,FALSE,,"<a href=""http://twitter.com/download/iphone"" rel=""nofollow"">Twitter for iPhone</a>",NA,NA,NA,NA,NA,,,,NA,TRUE,2,320,FALSE,NA,FALSE,NA,es,FALSE,NA,75,NA,,1530612519831752700,1530612519831752704,,NA,NA,NA,NA,NA,NA,NA,NA,NA,NA
2022-05-26T15:12:39Z,1529842962183725e3,1529842962183725058,Nuestra aventura en Capadocia ğŸ‘ŒğŸ‡¹ğŸ‡· Familia â¤ï¸ https://t.co/cAXrVfDGD0,Nuestra aventura en Capadocia ğŸ‘ŒğŸ‡¹ğŸ‡· Familia â¤ï¸ https://t.co/cAXrVfDGD0,FALSE,,"<a href=""http://twitter.com/download/iphone"" rel=""nofollow"">Twitter for iPhone</a>",NA,NA,NA,NA,NA,,,,NA,FALSE,37,4744,FALSE,NA,FALSE,NA,es,FALSE,NA,44,NA,,NA,NA,,NA,NA,NA,NA,NA,NA,NA,NA,NA,NA
2022-05-23T16:37:17Z,1528777094150381600,1528777094150381569,Tiempo en familia ğŸ¥°ğŸ˜˜ğŸ˜ https://t.co/U3zUBPaF0T,Tiempo en familia ğŸ¥°ğŸ˜˜ğŸ˜ https://t.co/U3zUBPaF0T,FALSE,,"<a href=""http://twitter.com/download/iphone"" rel=""nofollow"">Twitter for iPhone</a>",NA,NA,NA,NA,NA,,,,NA,FALSE,13,2046,FALSE,NA,FALSE,NA,es,FALSE,NA,21,NA,,NA,NA,,NA,NA,NA,NA,NA,NA,NA,NA,NA,NA
2022-05-17T15:41:54Z,1526588831054581800,1526588831054581763,Maestro ğŸ«‚ https://t.co/3YcmWwR9dj,Maestro ğŸ«‚ https://t.co/3YcmWwR9dj,FALSE,,"<a href=""http://twitter.com/download/iphone"" rel=""nofollow"">Twitter for iPhone</a>",NA,NA,NA,NA,NA,,,,NA,TRUE,15,1693,FALSE,NA,FALSE,NA,it,FALSE,NA,9,NA,,1526578300012966e3,1526578300012965888,,NA,NA,NA,NA,NA,NA,NA,NA,NA,NA
2022-04-22T21:18:18Z,1517613790241726500,1517613790241726467,ğŸ’›ğŸ’™ persistir https://t.co/UfXjDC1rrV,ğŸ’›ğŸ’™ persistir https://t.co/UfXjDC1rrV,FALSE,,"<a href=""http://twitter.com/download/iphone"" rel=""nofollow"">Twitter for iPhone</a>",NA,NA,NA,NA,NA,,,,NA,FALSE,212,27873,FALSE,NA,FALSE,NA,es,FALSE,NA,12,NA,,NA,NA,,NA,NA,NA,NA,NA,NA,NA,NA,NA,NA
2022-04-17T15:37:52Z,1515716181428252700,1515716181428252674,ğŸ˜‰ğŸ˜‰ https://t.co/9cwGkfBCgg,ğŸ˜‰ğŸ˜‰ https://t.co/9cwGkfBCgg,FALSE,,"<a href=""http://twitter.com/download/iphone"" rel=""nofollow"">Twitter for iPhone</a>",NA,NA,NA,NA,NA,,,,NA,TRUE,18,2982,FALSE,NA,FALSE,NA,art,FALSE,NA,2,NA,,1515495260855705600,1515495260855705606,,NA,NA,NA,NA,NA,NA,NA,NA,NA,NA
2022-04-17T08:08:21Z,1515603053185011700,1515603053185011712,ğŸ§ https://t.co/9cwGkfBCgg,ğŸ§ https://t.co/9cwGkfBCgg,FALSE,,"<a href=""http://twitter.com/download/iphone"" rel=""nofollow"">Twitter for iPhone</a>",NA,NA,NA,NA,NA,,,,NA,TRUE,17,4330,FALSE,NA,FALSE,NA,art,FALSE,NA,1,NA,,1515495260855705600,1515495260855705606,,NA,NA,NA,NA,NA,NA,NA,NA,NA,NA
2022-04-16T21:45:35Z,1515446332617601e3,1515446332617601031,you're the best hermano ğŸ‘ğŸ»ğŸ‘ğŸ»ğŸ‘ğŸ» https://t.co/lf9Ba9jppw,you're the best hermano ğŸ‘ğŸ»ğŸ‘ğŸ»ğŸ‘ğŸ» https://t.co/lf9Ba9jppw,FALSE,,"<a href=""http://twitter.com/download/iphone"" rel=""nofollow"">Twitter for iPhone</a>",NA,NA,NA,NA,NA,,,,NA,TRUE,837,48157,FALSE,NA,FALSE,NA,en,FALSE,NA,30,NA,,1515443913934393300,1515443913934393353,,NA,NA,NA,NA,NA,NA,NA,NA,NA,NA
2022-03-30T17:24:34Z,1509220048505872400,1509220048505872386,ğŸ’ªğŸ»ğŸ’ªğŸ» https://t.co/DoTM2jALwK,ğŸ’ªğŸ»ğŸ’ªğŸ» https://t.co/DoTM2jALwK,FALSE,,"<a href=""http://twitter.com/download/iphone"" rel=""nofollow"">Twitter for iPhone</a>",NA,NA,NA,NA,NA,,,,NA,TRUE,35,2762,FALSE,NA,FALSE,NA,art,FALSE,NA,4,NA,,1509112621349417e3,1509112621349416960,,NA,NA,NA,NA,NA,NA,NA,NA,NA,NA
2022-03-30T05:42:48Z,1509043443267514400,1509043443267514370,Objetivo cumplido mi Ecuador ğŸ‡ªğŸ‡¨ estamos en el lugar que nos merecemos @LaTri #Qatar2022 https://t.co/HvAclDJ5zR,Objetivo cumplido mi Ecuador ğŸ‡ªğŸ‡¨ estamos en el lugar que nos merecemos @LaTri #Qatar2022 https://t.co/HvAclDJ5zR,FALSE,,"<a href=""http://twitter.com/download/iphone"" rel=""nofollow"">Twitter for iPhone</a>",NA,NA,NA,NA,NA,,,,NA,FALSE,146,3320,FALSE,NA,FALSE,NA,es,FALSE,NA,87,NA,,NA,NA,,NA,NA,NA,NA,NA,NA,NA,NA,NA,NA
2022-03-25T23:00:46Z,1507492718452387800,1507492718452387856,"Nos vemos en Qatar âœˆï¸ ğŸ‡¶ğŸ‡¦
Vamos Ecuador ğŸ‡ªğŸ‡¨

#EcuadorenQatar #ClasificaciÃ³nEcuatorial https://t.co/CoZ0kSE4rs","Nos vemos en Qatar âœˆï¸ ğŸ‡¶ğŸ‡¦
Vamos Ecuador ğŸ‡ªğŸ‡¨

#EcuadorenQatar #ClasificaciÃ³nEcuatorial https://t.co/CoZ0kSE4rs",FALSE,,"<a href=""http://twitter.com/download/iphone"" rel=""nofollow"">Twitter for iPhone</a>",NA,NA,NA,NA,NA,,,,NA,FALSE,60,1475,FALSE,NA,FALSE,NA,es,FALSE,NA,83,NA,,NA,NA,,NA,NA,NA,NA,NA,NA,NA,NA,NA,NA
2022-02-14T18:25:19Z,1493290272696021e3,1493290272696020993,Happy Valentineâ€™s Day mis amores ğŸ˜‚ğŸ¥° https://t.co/0oayg62NuW,Happy Valentineâ€™s Day mis amores ğŸ˜‚ğŸ¥° https://t.co/0oayg62NuW,FALSE,,"<a href=""http://twitter.com/download/iphone"" rel=""nofollow"">Twitter for iPhone</a>",NA,NA,NA,NA,NA,,,,NA,FALSE,38,4955,FALSE,NA,FALSE,NA,en,FALSE,NA,35,NA,,NA,NA,,NA,NA,NA,NA,NA,NA,NA,NA,NA,NA
2022-01-28T14:28:34Z,1487070098531700700,1487070098531700741,"Un punto muy importante mi ğŸ‡ªğŸ‡¨ que nos permite seguir soÃ±ando con clasificar a un nuevo mundial, unidos como EQUIPO â›“ paso  a paso lo vamos a lograr ğŸ¦¾ https://t.co/wd8IzDOSGL","Un punto muy importante mi ğŸ‡ªğŸ‡¨ que nos permite seguir soÃ±ando con clasificar a un nuevo mundial, unidos como EQUIPO â›“ paso  a paso lo vamos a lograr ğŸ¦¾ https://t.co/wd8IzDOSGL",FALSE,,"<a href=""http://twitter.com/download/iphone"" rel=""nofollow"">Twitter for iPhone</a>",NA,NA,NA,NA,NA,,,,NA,FALSE,83,3485,FALSE,NA,FALSE,NA,es,FALSE,NA,149,NA,,NA,NA,,NA,NA,NA,NA,NA,NA,NA,NA,NA,NA
2022-01-25T23:56:39Z,1486125896482365400,1486125896482365444,ğŸ¤ğŸ‡ªğŸ‡¨ https://t.co/PgArTXZ8Ki,ğŸ¤ğŸ‡ªğŸ‡¨ https://t.co/PgArTXZ8Ki,FALSE,,"<a href=""http://twitter.com/download/iphone"" rel=""nofollow"">Twitter for iPhone</a>",NA,NA,NA,NA,NA,,,,NA,TRUE,55,7838,FALSE,NA,FALSE,NA,art,FALSE,NA,3,NA,,1486108105960312800,1486108105960312842,,NA,NA,NA,NA,NA,NA,NA,NA,NA,NA
2021-12-31T21:20:24Z,1477026881069273e3,1477026881069273094,happy New Year ğŸ¥³ For Everyone ğŸ™ğŸ’ªğŸ» https://t.co/EYMpWQU8zx,happy New Year ğŸ¥³ For Everyone ğŸ™ğŸ’ªğŸ» https://t.co/EYMpWQU8zx,FALSE,,"<a href=""http://twitter.com/download/iphone"" rel=""nofollow"">Twitter for iPhone</a>",NA,NA,NA,NA,NA,,,,NA,FALSE,128,17172,FALSE,NA,FALSE,NA,en,FALSE,NA,33,NA,,NA,NA,,NA,NA,NA,NA,NA,NA,NA,NA,NA,NA
2021-12-24T23:04:20Z,1474516319705911300,1474516319705911298,"Les deseamos una Feliz Navidad ğŸ„ que podamos seguir disfrutando de nuestras familias, sobre todo de la mano De Dios ğŸ™ que Dios los bendiga. https://t.co/sbxxVbXumh","Les deseamos una Feliz Navidad ğŸ„ que podamos seguir disfrutando de nuestras familias, sobre todo de la mano De Dios ğŸ™ que Dios los bendiga. https://t.co/sbxxVbXumh",FALSE,,"<a href=""http://twitter.com/download/iphone"" rel=""nofollow"">Twitter for iPhone</a>",NA,NA,NA,NA,NA,,,,NA,FALSE,129,12090,FALSE,NA,FALSE,NA,es,FALSE,NA,139,NA,,NA,NA,,NA,NA,NA,NA,NA,NA,NA,NA,NA,NA
2021-12-07T20:55:39Z,1468323340452515800,1468323340452515840,FantÃ¡stico ğŸ¤© https://t.co/fAznDAxY9A,FantÃ¡stico ğŸ¤© https://t.co/fAznDAxY9A,FALSE,,"<a href=""http://twitter.com/download/iphone"" rel=""nofollow"">Twitter for iPhone</a>",NA,NA,NA,NA,NA,,,,NA,TRUE,198,4007,FALSE,NA,FALSE,NA,pt,FALSE,NA,12,NA,,1468275363130183700,1468275363130183682,,NA,NA,NA,NA,NA,NA,NA,NA,NA,NA
2021-11-11T05:12:20Z,1458663865705771e3,1458663865705771010,#vamosecuadorğŸ‡ªğŸ‡¨ https://t.co/j15dCldPJW,#vamosecuadorğŸ‡ªğŸ‡¨ https://t.co/j15dCldPJW,FALSE,,"<a href=""http://twitter.com/download/iphone"" rel=""nofollow"">Twitter for iPhone</a>",NA,NA,NA,NA,NA,,,,NA,TRUE,19,1515,FALSE,NA,FALSE,NA,und,FALSE,NA,15,NA,,1458593411146174500,1458593411146174468,,NA,NA,NA,NA,NA,NA,NA,NA,NA,NA
2021-11-04T16:30:59Z,1456297935373836300,1456297935373836290,"Muchas gracias a todos por sus buenos deseos, Dios los bendiga. https://t.co/R5fY7xxZBZ","Muchas gracias a todos por sus buenos deseos, Dios los bendiga. https://t.co/R5fY7xxZBZ",FALSE,,"<a href=""http://twitter.com/download/iphone"" rel=""nofollow"">Twitter for iPhone</a>",NA,NA,NA,NA,NA,,,,NA,FALSE,145,8345,FALSE,NA,FALSE,NA,es,FALSE,NA,63,NA,,NA,NA,,NA,NA,NA,NA,NA,NA,NA,NA,NA,NA
2021-11-04T16:13:09Z,1456293448479301600,1456293448479301632,Bendiciones familia ğŸ¤œğŸ¼ğŸ¤›ğŸ¼ https://t.co/T9YfSMdn1e,Bendiciones familia ğŸ¤œğŸ¼ğŸ¤›ğŸ¼ https://t.co/T9YfSMdn1e,FALSE,,"<a href=""http://twitter.com/download/iphone"" rel=""nofollow"">Twitter for iPhone</a>",NA,NA,NA,NA,NA,,,,NA,TRUE,177,5504,FALSE,NA,FALSE,NA,es,FALSE,NA,24,NA,,1456290214524113e3,1456290214524112897,,NA,NA,NA,NA,NA,NA,NA,NA,NA,NA
2021-11-04T16:12:15Z,1456293220548288500,1456293220548288524,ğŸ¤œğŸ¼ğŸ¤›ğŸ¼ https://t.co/ZwLcW02vSt,ğŸ¤œğŸ¼ğŸ¤›ğŸ¼ https://t.co/ZwLcW02vSt,FALSE,,"<a href=""http://twitter.com/download/iphone"" rel=""nofollow"">Twitter for iPhone</a>",NA,NA,NA,NA,NA,,,,NA,TRUE,11,1461,FALSE,NA,FALSE,NA,art,FALSE,NA,4,NA,,1456281155267793e3,1456281155267792897,,NA,NA,NA,NA,NA,NA,NA,NA,NA,NA
2021-11-04T12:28:23Z,1456236883852279800,1456236883852279811,ğŸ¤ https://t.co/wJp0rXJR71,ğŸ¤ https://t.co/wJp0rXJR71,FALSE,,"<a href=""http://twitter.com/download/iphone"" rel=""nofollow"">Twitter for iPhone</a>",NA,NA,NA,NA,NA,,,,NA,TRUE,87,6701,FALSE,NA,FALSE,NA,art,FALSE,NA,1,NA,,1456228126279835600,1456228126279835652,,NA,NA,NA,NA,NA,NA,NA,NA,NA,NA
2021-11-04T07:15:28Z,1456158137598238700,1456158137598238721,Many thanks family ğŸ’›ğŸ’™ğŸ’ªğŸ» https://t.co/OsVC00bAHW,Many thanks family ğŸ’›ğŸ’™ğŸ’ªğŸ» https://t.co/OsVC00bAHW,FALSE,,"<a href=""http://twitter.com/download/iphone"" rel=""nofollow"">Twitter for iPhone</a>",NA,NA,NA,NA,NA,,,,NA,TRUE,253,15497,FALSE,NA,FALSE,NA,en,FALSE,NA,23,NA,,1456146694442299400,1456146694442299398,,NA,NA,NA,NA,NA,NA,NA,NA,NA,NA
2021-10-16T13:39:32Z,1.4493694184972001e+18,1449369418497200139,the best memories ğŸ’ªğŸ» âš’ï¸ https://t.co/ZfdeH9fTua,the best memories ğŸ’ªğŸ» âš’ï¸ https://t.co/ZfdeH9fTua,FALSE,,"<a href=""http://twitter.com/download/iphone"" rel=""nofollow"">Twitter for iPhone</a>",NA,NA,NA,NA,NA,,,,NA,TRUE,188,6516,FALSE,NA,FALSE,NA,en,FALSE,NA,23,NA,,1449367452391981e3,1449367452391981065,,NA,NA,NA,NA,NA,NA,NA,NA,NA,NA
2021-10-11T12:39:30Z,1447542372380942300,1447542372380942344,Nuestro sueÃ±o continÃºa Hermanos ğŸ’ªğŸ» lucharemos hasta el final ğŸ‡ªğŸ‡¨ juntos lo lograremos #vamosxmas @LaTri ğŸ™ https://t.co/M5s7nsAJkc,Nuestro sueÃ±o continÃºa Hermanos ğŸ’ªğŸ» lucharemos hasta el final ğŸ‡ªğŸ‡¨ juntos lo lograremos #vamosxmas @LaTri ğŸ™ https://t.co/M5s7nsAJkc,FALSE,,"<a href=""http://twitter.com/download/iphone"" rel=""nofollow"">Twitter for iPhone</a>",NA,NA,NA,NA,NA,,,,NA,FALSE,116,4467,FALSE,NA,FALSE,NA,es,FALSE,NA,104,NA,,NA,NA,,NA,NA,NA,NA,NA,NA,NA,NA,NA,NA
2021-10-10T01:09:49Z,1447006420633800700,1447006420633800705,Gracias a Dios mami ğŸ™ğŸ˜˜ğŸ¤—ğŸ˜Š https://t.co/TWcmYoDDgn,Gracias a Dios mami ğŸ™ğŸ˜˜ğŸ¤—ğŸ˜Š https://t.co/TWcmYoDDgn,FALSE,,"<a href=""http://twitter.com/download/iphone"" rel=""nofollow"">Twitter for iPhone</a>",NA,NA,NA,NA,NA,,,,NA,TRUE,124,5413,FALSE,NA,FALSE,NA,es,FALSE,NA,24,NA,,1446992624603197400,1446992624603197441,,NA,NA,NA,NA,NA,NA,NA,NA,NA,NA
2021-10-09T17:43:17Z,1446894045964427300,1446894045964427269,"GRACIAS a mis compaÃ±eros, cuerpo tÃ©cnico , familia y cada uno de los ecuatorianos que nos alienta en cada partido. 
Hoy mÃ¡s que nunca estoy seguro que si trabajas por tus sueÃ±os, y si te levantas despuÃ©s de cada caÃ­da, se cumplen !

Â¡Gracias a todos por su apoyo @PilsenerEcuador https://t.co/hul1GdyK9C","GRACIAS a mis compaÃ±eros, cuerpo tÃ©cnico , familia y cada uno de los ecuatorianos que nos alienta en cada partido. 
Hoy mÃ¡s que nunca estoy seguro que si trabajas por tus sueÃ±os, y si te levantas despuÃ©s de cada caÃ­da, se cumplen !

Â¡Gracias a todos por su apoyo @PilsenerEcuador https://t.co/hul1GdyK9C",FALSE,,"<a href=""http://twitter.com/download/iphone"" rel=""nofollow"">Twitter for iPhone</a>",NA,NA,NA,NA,NA,,,,NA,FALSE,189,5433,FALSE,NA,FALSE,NA,es,FALSE,NA,279,NA,,NA,NA,,NA,NA,NA,NA,NA,NA,NA,NA,NA,NA
2021-10-09T03:36:41Z,1446680993050550300,1446680993050550272,#vamosxmas mi Ecuador ğŸ‡ªğŸ‡¨ğŸ’ªğŸ» https://t.co/2QWGnl8nW9,#vamosxmas mi Ecuador ğŸ‡ªğŸ‡¨ğŸ’ªğŸ» https://t.co/2QWGnl8nW9,FALSE,,"<a href=""http://twitter.com/download/iphone"" rel=""nofollow"">Twitter for iPhone</a>",NA,NA,NA,NA,NA,,,,NA,TRUE,31,3111,FALSE,NA,FALSE,NA,es,FALSE,NA,26,NA,,1446612942540181500,1446612942540181509,,NA,NA,NA,NA,NA,NA,NA,NA,NA,NA
2021-10-08T14:45:27Z,1446486904837447700,1446486904837447693,"Gracias amigo, fuerte abrazo ğŸ¤— âš½ï¸ https://t.co/iKGsQK2vly","Gracias amigo, fuerte abrazo ğŸ¤— âš½ï¸ https://t.co/iKGsQK2vly",FALSE,,"<a href=""http://twitter.com/download/iphone"" rel=""nofollow"">Twitter for iPhone</a>",NA,NA,NA,NA,NA,,,,NA,TRUE,35,2723,FALSE,NA,FALSE,NA,es,FALSE,NA,33,NA,,1446284851326378e3,1446284851326377987,,NA,NA,NA,NA,NA,NA,NA,NA,NA,NA
2021-10-08T06:21:12Z,1446360007323365400,1446360007323365388,ğŸ™ğŸ¤œğŸ¼ğŸ¤›ğŸ¼ https://t.co/UDdy0RNyFm,ğŸ™ğŸ¤œğŸ¼ğŸ¤›ğŸ¼ https://t.co/UDdy0RNyFm,FALSE,,"<a href=""http://twitter.com/download/iphone"" rel=""nofollow"">Twitter for iPhone</a>",NA,NA,NA,NA,NA,,,,NA,TRUE,496,28469,FALSE,NA,FALSE,NA,art,FALSE,NA,5,NA,,1446356545214861300,1446356545214861312,,NA,NA,NA,NA,NA,NA,NA,NA,NA,NA
2021-09-30T20:09:35Z,1443669372090912800,1443669372090912769,"We are sorry but this doesn't finish here, we will fight until the end ğŸ‘Šâ£
â£
Thanks all the fans for the support ğŸŸ¡ğŸ”µ @Fenerbahce https://t.co/kkcGTtn9Ju","We are sorry but this doesn't finish here, we will fight until the end ğŸ‘Šâ£
â£
Thanks all the fans for the support ğŸŸ¡ğŸ”µ @Fenerbahce https://t.co/kkcGTtn9Ju",FALSE,,"<a href=""http://twitter.com/download/iphone"" rel=""nofollow"">Twitter for iPhone</a>",NA,NA,NA,NA,NA,,,,NA,FALSE,257,12719,FALSE,NA,FALSE,NA,en,FALSE,NA,126,NA,,NA,NA,,NA,NA,NA,NA,NA,NA,NA,NA,NA,NA
2021-09-26T16:12:44Z,1442160216074752e3,1442160216074752009,important victory ğŸ’›ğŸ’™ Bravo Equipo ğŸ’ªğŸ»ğŸ’ªğŸ» https://t.co/BBT0ogHQmg,important victory ğŸ’›ğŸ’™ Bravo Equipo ğŸ’ªğŸ»ğŸ’ªğŸ» https://t.co/BBT0ogHQmg,FALSE,,"<a href=""http://twitter.com/download/iphone"" rel=""nofollow"">Twitter for iPhone</a>",NA,NA,NA,NA,NA,,,,NA,FALSE,500,27055,FALSE,NA,FALSE,NA,es,FALSE,NA,38,NA,,NA,NA,,NA,NA,NA,NA,NA,NA,NA,NA,NA,NA
2021-09-24T08:41:10Z,1441321799539576800,1441321799539576840,+3 vamos @Fenerbahce ğŸ’ªğŸ»ğŸ’›ğŸ’™ https://t.co/wn0AiZlnaU,+3 vamos @Fenerbahce ğŸ’ªğŸ»ğŸ’›ğŸ’™ https://t.co/wn0AiZlnaU,FALSE,,"<a href=""http://twitter.com/download/iphone"" rel=""nofollow"">Twitter for iPhone</a>",NA,NA,NA,NA,NA,,,,NA,FALSE,244,21558,FALSE,NA,FALSE,NA,es,FALSE,NA,25,NA,,NA,NA,,NA,NA,NA,NA,NA,NA,NA,NA,NA,NA
2021-09-16T23:28:06Z,1438645900612706300,1438645900612706308,@Fenerbahce ğŸ’›ğŸ’™ğŸ’ªğŸ» https://t.co/WBVgf4PzqD,@Fenerbahce ğŸ’›ğŸ’™ğŸ’ªğŸ» https://t.co/WBVgf4PzqD,FALSE,,"<a href=""http://twitter.com/download/iphone"" rel=""nofollow"">Twitter for iPhone</a>",NA,NA,11525172,11525172,Fenerbahce,,,,NA,FALSE,199,18099,FALSE,NA,FALSE,NA,und,FALSE,NA,16,NA,,NA,NA,,NA,NA,NA,NA,NA,NA,NA,NA,NA,NA
2021-09-03T13:38:49Z,1433786560923766800,1433786560923766786,3 puntos importantes mi Ecuador ğŸ‡ªğŸ‡¨ ğŸ’ªğŸ»muchas gracias a nuestros hinchas por el increÃ­ble apoyo en el estadio ğŸ‘ğŸ»ğŸ‘ğŸ»ğŸ‘ğŸ» https://t.co/jWYp5JnA61,3 puntos importantes mi Ecuador ğŸ‡ªğŸ‡¨ ğŸ’ªğŸ»muchas gracias a nuestros hinchas por el increÃ­ble apoyo en el estadio ğŸ‘ğŸ»ğŸ‘ğŸ»ğŸ‘ğŸ» https://t.co/jWYp5JnA61,FALSE,,"<a href=""http://twitter.com/download/iphone"" rel=""nofollow"">Twitter for iPhone</a>",NA,NA,NA,NA,NA,,,,NA,FALSE,152,8599,FALSE,NA,FALSE,NA,es,FALSE,NA,114,NA,,NA,NA,,NA,NA,NA,NA,NA,NA,NA,NA,NA,NA
2021-08-29T21:54:23Z,1432099335722971100,1432099335722971139,+3 Vamos @Fenerbahce ğŸ’ªğŸ»ğŸ’ªğŸ» https://t.co/hTIQ1rZLQU,+3 Vamos @Fenerbahce ğŸ’ªğŸ»ğŸ’ªğŸ» https://t.co/hTIQ1rZLQU,FALSE,,"<a href=""http://twitter.com/download/iphone"" rel=""nofollow"">Twitter for iPhone</a>",NA,NA,NA,NA,NA,,,,NA,FALSE,1386,42225,FALSE,NA,FALSE,NA,es,FALSE,NA,25,NA,,NA,NA,,NA,NA,NA,NA,NA,NA,NA,NA,NA,NA
2021-08-29T14:55:34Z,1431993939096133600,1431993939096133638,ğŸ¥‡ğŸ¥‰ğŸ‡ªğŸ‡¨ğŸ‘ğŸ»ğŸ‘ğŸ»ğŸ‘ğŸ» https://t.co/OaGpxP4IKn,ğŸ¥‡ğŸ¥‰ğŸ‡ªğŸ‡¨ğŸ‘ğŸ»ğŸ‘ğŸ»ğŸ‘ğŸ» https://t.co/OaGpxP4IKn,FALSE,,"<a href=""http://twitter.com/download/iphone"" rel=""nofollow"">Twitter for iPhone</a>",NA,NA,NA,NA,NA,,,,NA,TRUE,37,3632,FALSE,NA,FALSE,NA,art,FALSE,NA,10,NA,,1431937786639224800,1431937786639224833,,NA,NA,NA,NA,NA,NA,NA,NA,NA,NA
2021-08-27T06:51:28Z,1431147333534851e3,1431147333534851072,ğŸ‘ŒğŸ’›ğŸ’™ https://t.co/hKRese6PNX,ğŸ‘ŒğŸ’›ğŸ’™ https://t.co/hKRese6PNX,FALSE,,"<a href=""http://twitter.com/download/iphone"" rel=""nofollow"">Twitter for iPhone</a>",NA,NA,NA,NA,NA,,,,NA,TRUE,620,31608,FALSE,NA,FALSE,NA,art,FALSE,NA,3,NA,,1430983554293436400,1430983554293436423,,NA,NA,NA,NA,NA,NA,NA,NA,NA,NA
2021-08-26T19:18:15Z,1430972881643745300,1430972881643745280,@Fenerbahce family ğŸ’›ğŸ’™ğŸ’ªğŸ» https://t.co/1ERnv2i4h5,@Fenerbahce family ğŸ’›ğŸ’™ğŸ’ªğŸ» https://t.co/1ERnv2i4h5,FALSE,,"<a href=""http://twitter.com/download/iphone"" rel=""nofollow"">Twitter for iPhone</a>",NA,NA,11525172,11525172,Fenerbahce,,,,NA,FALSE,933,32229,FALSE,NA,FALSE,NA,en,FALSE,NA,23,NA,,NA,NA,,NA,NA,NA,NA,NA,NA,NA,NA,NA,NA
2021-08-22T22:41:09Z,1429574388370874400,1429574388370874375,ğŸ‘ğŸ»ğŸ‘ğŸ» https://t.co/TsXi7geSBf,ğŸ‘ğŸ»ğŸ‘ğŸ» https://t.co/TsXi7geSBf,FALSE,,"<a href=""http://twitter.com/download/iphone"" rel=""nofollow"">Twitter for iPhone</a>",NA,NA,NA,NA,NA,,,,NA,TRUE,424,24513,FALSE,NA,FALSE,NA,art,FALSE,NA,4,NA,,1429555090755555300,1429555090755555329,,NA,NA,NA,NA,NA,NA,NA,NA,NA,NA
2021-08-22T22:40:10Z,1429574144035807200,1429574144035807235,Gracias maestro @MesutOzil1088 ğŸ’›ğŸ’™ https://t.co/zu9kmlTQ2c,Gracias maestro @MesutOzil1088 ğŸ’›ğŸ’™ https://t.co/zu9kmlTQ2c,FALSE,,"<a href=""http://twitter.com/download/iphone"" rel=""nofollow"">Twitter for iPhone</a>",NA,NA,NA,NA,NA,,,,NA,FALSE,919,39080,FALSE,NA,FALSE,NA,es,FALSE,NA,33,NA,,NA,NA,,NA,NA,NA,NA,NA,NA,NA,NA,NA,NA
2021-07-28T18:45:30Z,1420455389859025e3,1420455389859024896,ğŸ‘ŒğŸ™ https://t.co/AP8bh1yK7x,ğŸ‘ŒğŸ™ https://t.co/AP8bh1yK7x,FALSE,,"<a href=""http://twitter.com/download/iphone"" rel=""nofollow"">Twitter for iPhone</a>",NA,NA,NA,NA,NA,,,,NA,TRUE,295,17682,FALSE,NA,FALSE,NA,art,FALSE,NA,2,NA,,1420434178592714800,1420434178592714758,,NA,NA,NA,NA,NA,NA,NA,NA,NA,NA
2021-07-24T09:03:59Z,1418859497267900400,1418859497267900422,ğŸ˜‚ğŸ˜‚ https://t.co/cw3ltQ3OXu,ğŸ˜‚ğŸ˜‚ https://t.co/cw3ltQ3OXu,FALSE,,"<a href=""http://twitter.com/download/iphone"" rel=""nofollow"">Twitter for iPhone</a>",NA,NA,NA,NA,NA,,,,NA,TRUE,204,15568,FALSE,NA,FALSE,NA,art,FALSE,NA,2,NA,,1418840492293374e3,1418840492293373959,,NA,NA,NA,NA,NA,NA,NA,NA,NA,NA
2021-07-22T19:01:25Z,1418285069752541200,1418285069752541184,ğŸ¤ğŸ’›ğŸ’™ https://t.co/EMU3DHWZ36,ğŸ¤ğŸ’›ğŸ’™ https://t.co/EMU3DHWZ36,FALSE,,"<a href=""http://twitter.com/download/iphone"" rel=""nofollow"">Twitter for iPhone</a>",NA,NA,NA,NA,NA,,,,NA,TRUE,285,16551,FALSE,NA,FALSE,NA,art,FALSE,NA,3,NA,,1418283000823955500,1418283000823955459,,NA,NA,NA,NA,NA,NA,NA,NA,NA,NA
2021-07-19T12:00:58Z,1417092096327098400,1417092096327098371,Ä°YÄ° KÄ° FENERBAHÃ‡E! FenerbahÃ§eliler GÃ¼nÃ¼mÃ¼z Kutlu Olsun!ğŸ’›ğŸ’™ @Fenerbahce,Ä°YÄ° KÄ° FENERBAHÃ‡E! FenerbahÃ§eliler GÃ¼nÃ¼mÃ¼z Kutlu Olsun!ğŸ’›ğŸ’™ @Fenerbahce,FALSE,,"<a href=""http://twitter.com/download/iphone"" rel=""nofollow"">Twitter for iPhone</a>",NA,NA,NA,NA,NA,,,,NA,FALSE,625,26862,FALSE,NA,FALSE,NA,tr,NA,NA,69,NA,,NA,NA,,NA,NA,NA,NA,NA,NA,NA,NA,NA,NA
2021-07-06T18:50:51Z,1412484204772855800,1412484204772855815,"Esta claro no salieron las cosas como esperÃ¡bamos. Pero el fÃºtbol como la vida dan revanchas. Vamos a levantar este barco todos juntos hermanos ğŸ‡ªğŸ‡¨ en las buenas todos, en las malas pocos.  prohibido rendirse â—ï¸l#@LaTri https://t.co/ZfRdD44hg7","Esta claro no salieron las cosas como esperÃ¡bamos. Pero el fÃºtbol como la vida dan revanchas. Vamos a levantar este barco todos juntos hermanos ğŸ‡ªğŸ‡¨ en las buenas todos, en las malas pocos.  prohibido rendirse â—ï¸l#@LaTri https://t.co/ZfRdD44hg7",FALSE,,"<a href=""http://twitter.com/download/iphone"" rel=""nofollow"">Twitter for iPhone</a>",NA,NA,NA,NA,NA,,,,NA,FALSE,165,7091,FALSE,NA,FALSE,NA,es,FALSE,NA,218,NA,,NA,NA,,NA,NA,NA,NA,NA,NA,NA,NA,NA,NA
2021-06-27T23:26:42Z,1409292132553269200,1409292132553269253,Vamos mi Ecuador ğŸ‡ªğŸ‡¨ğŸ’ªğŸ»ğŸ’ªğŸ» https://t.co/unZ1MHbob0,Vamos mi Ecuador ğŸ‡ªğŸ‡¨ğŸ’ªğŸ»ğŸ’ªğŸ» https://t.co/unZ1MHbob0,FALSE,,"<a href=""http://twitter.com/download/iphone"" rel=""nofollow"">Twitter for iPhone</a>",NA,NA,NA,NA,NA,,,,NA,TRUE,297,10630,FALSE,NA,FALSE,NA,es,FALSE,NA,23,NA,,1409287327256612900,1409287327256612872,,NA,NA,NA,NA,NA,NA,NA,NA,NA,NA
2021-06-12T17:47:14Z,1403770883500613600,1403770883500613640,Orgulloso de nacer en esta tierra #ecuatorianizate ğŸ‡ªğŸ‡¨ https://t.co/YCtaNWhQ5F,Orgulloso de nacer en esta tierra #ecuatorianizate ğŸ‡ªğŸ‡¨ https://t.co/YCtaNWhQ5F,FALSE,,"<a href=""http://twitter.com/download/iphone"" rel=""nofollow"">Twitter for iPhone</a>",NA,NA,NA,NA,NA,,,,NA,TRUE,39,1142,FALSE,NA,FALSE,NA,es,FALSE,NA,53,NA,,1403505716426592300,1403505716426592260,,NA,NA,NA,NA,NA,NA,NA,NA,NA,NA
2021-06-05T20:28:06Z,1401274655302893600,1401274655302893576,"cada vez que me ponga la piel de mi pais ğŸ‡ªğŸ‡¨ . No puedo guardarme nada, toca pelear cada pelota como si fuese la Ãºltima. Es una pena por un resbalÃ³n involuntario ğŸ¤·ğŸ¾â€â™‚ï¸ quedar fuera del prÃ³ximo partido. Vamos Familia a dejarlo todo ante Peru! ğŸ’¯ ğŸ‡ªğŸ‡¨ https://t.co/hfuRPKe0GR","cada vez que me ponga la piel de mi pais ğŸ‡ªğŸ‡¨ . No puedo guardarme nada, toca pelear cada pelota como si fuese la Ãºltima. Es una pena por un resbalÃ³n involuntario ğŸ¤·ğŸ¾â€â™‚ï¸ quedar fuera del prÃ³ximo partido. Vamos Familia a dejarlo todo ante Peru! ğŸ’¯ ğŸ‡ªğŸ‡¨ https://t.co/hfuRPKe0GR",FALSE,,"<a href=""http://twitter.com/download/iphone"" rel=""nofollow"">Twitter for iPhone</a>",NA,NA,NA,NA,NA,,,,NA,FALSE,144,4205,FALSE,NA,FALSE,NA,es,FALSE,NA,245,NA,,NA,NA,,NA,NA,NA,NA,NA,NA,NA,NA,NA,NA
2021-05-29T18:20:36Z,1398705851649642500,1398705851649642511,This is false ğŸ‘ https://t.co/yvHSYJEE5f,This is false ğŸ‘ https://t.co/yvHSYJEE5f,FALSE,,"<a href=""http://twitter.com/download/iphone"" rel=""nofollow"">Twitter for iPhone</a>",NA,NA,NA,NA,NA,,,,NA,TRUE,66,1610,FALSE,NA,FALSE,NA,en,FALSE,NA,15,NA,,1398644757769957400,1398644757769957378,,NA,NA,NA,NA,NA,NA,NA,NA,NA,NA
2021-05-27T18:48:23Z,1397988069391933400,1397988069391933440,Familia â™¥ï¸ https://t.co/LZohPA0Uud,Familia â™¥ï¸ https://t.co/LZohPA0Uud,FALSE,,"<a href=""http://twitter.com/download/iphone"" rel=""nofollow"">Twitter for iPhone</a>",NA,NA,NA,NA,NA,,,,NA,FALSE,136,12031,FALSE,NA,FALSE,NA,es,FALSE,NA,10,NA,,NA,NA,,NA,NA,NA,NA,NA,NA,NA,NA,NA,NA
2021-05-17T18:32:00Z,1394360067630289e3,1394360067630288899,"My 1st season with this
Wonderful team ğŸŸ¡ğŸ”µ We fought until the End. We will come back stronger!

I hope next season we can be all together in our ğŸŸ . Many thanks to the best supporters. 

 En BÃ¼yÃ¼k @fenerbahce â—ï¸ https://t.co/7D37r1qmOy","My 1st season with this
Wonderful team ğŸŸ¡ğŸ”µ We fought until the End. We will come back stronger!

I hope next season we can be all together in our ğŸŸ . Many thanks to the best supporters. 

 En BÃ¼yÃ¼k @fenerbahce â—ï¸ https://t.co/7D37r1qmOy",FALSE,,"<a href=""http://twitter.com/download/iphone"" rel=""nofollow"">Twitter for iPhone</a>",NA,NA,NA,NA,NA,,,,NA,FALSE,665,27245,FALSE,NA,FALSE,NA,en,FALSE,NA,211,NA,,NA,NA,,NA,NA,NA,NA,NA,NA,NA,NA,NA,NA
2021-05-13T13:18:21Z,1392831580649836500,1392831580649836551,Siempre fuiste un ejemplo de superaciÃ³n y entrega @anto_v25 Gracias por dejar nuestra bandera en lo mas alto ğŸ‡ªğŸ‡¨  feliz retiro hermano ğŸ’ª https://t.co/SHbhxNTFRg,Siempre fuiste un ejemplo de superaciÃ³n y entrega @anto_v25 Gracias por dejar nuestra bandera en lo mas alto ğŸ‡ªğŸ‡¨  feliz retiro hermano ğŸ’ª https://t.co/SHbhxNTFRg,FALSE,,"<a href=""http://twitter.com/download/iphone"" rel=""nofollow"">Twitter for iPhone</a>",NA,NA,NA,NA,NA,,,,NA,FALSE,52,2255,FALSE,NA,FALSE,NA,es,FALSE,NA,135,NA,,NA,NA,,NA,NA,NA,NA,NA,NA,NA,NA,NA,NA
2021-05-08T20:44:43Z,1391131975692570600,1391131975692570624,Until the end! Come on @fenerbahce  ğŸŸ¡ğŸ”µ https://t.co/nA5ugEOBCV,Until the end! Come on @fenerbahce  ğŸŸ¡ğŸ”µ https://t.co/nA5ugEOBCV,FALSE,,"<a href=""http://twitter.com/download/iphone"" rel=""nofollow"">Twitter for iPhone</a>",NA,NA,NA,NA,NA,,,,NA,FALSE,1427,51393,FALSE,NA,FALSE,NA,en,FALSE,NA,38,NA,,NA,NA,,NA,NA,NA,NA,NA,NA,NA,NA,NA,NA
2021-05-04T15:30:32Z,1389603356927303700,1389603356927303680,Come on #fenerbahÃ§e ğŸŸ¡ğŸ”µ keep fighting â€¼ï¸ https://t.co/zoEO9FXmSX,Come on #fenerbahÃ§e ğŸŸ¡ğŸ”µ keep fighting â€¼ï¸ https://t.co/zoEO9FXmSX,FALSE,,"<a href=""http://twitter.com/download/iphone"" rel=""nofollow"">Twitter for iPhone</a>",NA,NA,NA,NA,NA,,,,NA,FALSE,291,16844,FALSE,NA,FALSE,NA,en,FALSE,NA,39,NA,,NA,NA,,NA,NA,NA,NA,NA,NA,NA,NA,NA,NA
2021-04-25T20:23:51Z,1386415679704735700,1386415679704735744,#haydifener ğŸ’›ğŸ’™ https://t.co/TulL3syzxD,#haydifener ğŸ’›ğŸ’™ https://t.co/TulL3syzxD,FALSE,,"<a href=""http://twitter.com/download/iphone"" rel=""nofollow"">Twitter for iPhone</a>",NA,NA,NA,NA,NA,,,,NA,FALSE,459,22305,FALSE,NA,FALSE,NA,und,FALSE,NA,14,NA,,NA,NA,,NA,NA,NA,NA,NA,NA,NA,NA,NA,NA
2021-04-25T20:20:02Z,1386414720194801700,1386414720194801666,Vamos ğŸ’ªğŸ» https://t.co/2sqUjlNURk,Vamos ğŸ’ªğŸ» https://t.co/2sqUjlNURk,FALSE,,"<a href=""http://twitter.com/download/iphone"" rel=""nofollow"">Twitter for iPhone</a>",NA,NA,NA,NA,NA,,,,NA,TRUE,467,25120,FALSE,NA,FALSE,NA,es,FALSE,NA,8,NA,,1386404705794809900,1386404705794809856,,NA,NA,NA,NA,NA,NA,NA,NA,NA,NA
2021-04-21T21:01:36Z,1384975628143927300,1384975628143927298,ğŸ˜ŠğŸ‘ğŸ» https://t.co/MxLYHvjYZY,ğŸ˜ŠğŸ‘ğŸ» https://t.co/MxLYHvjYZY,FALSE,,"<a href=""http://twitter.com/download/iphone"" rel=""nofollow"">Twitter for iPhone</a>",NA,NA,NA,NA,NA,,,,NA,TRUE,322,19073,FALSE,NA,FALSE,NA,art,FALSE,NA,3,NA,,1384852349190082600,1384852349190082563,,NA,NA,NA,NA,NA,NA,NA,NA,NA,NA
2021-04-18T18:46:20Z,1383854426159337500,1383854426159337474,Vamos @fenerbahce ğŸ’ªğŸ» +3 https://t.co/HuPhpZQBSf,Vamos @fenerbahce ğŸ’ªğŸ» +3 https://t.co/HuPhpZQBSf,FALSE,,"<a href=""http://twitter.com/download/iphone"" rel=""nofollow"">Twitter for iPhone</a>",NA,NA,NA,NA,NA,,,,NA,FALSE,404,28187,FALSE,NA,FALSE,NA,es,FALSE,NA,23,NA,,NA,NA,,NA,NA,NA,NA,NA,NA,NA,NA,NA,NA
2021-04-16T20:16:59Z,1383152464766103600,1383152464766103554,@Fenerbahce https://t.co/5ClluSJo0u,@Fenerbahce https://t.co/5ClluSJo0u,FALSE,,"<a href=""http://twitter.com/download/iphone"" rel=""nofollow"">Twitter for iPhone</a>",NA,NA,11525172,11525172,Fenerbahce,,,,NA,FALSE,276,26064,FALSE,NA,FALSE,NA,qme,FALSE,NA,11,NA,,NA,NA,,NA,NA,NA,NA,NA,NA,NA,NA,NA,NA
2021-04-12T20:36:18Z,1381707772367151e3,1381707772367151104,ğŸ˜‰ğŸ’›ğŸ’™ https://t.co/kHkTma7OZr,ğŸ˜‰ğŸ’›ğŸ’™ https://t.co/kHkTma7OZr,FALSE,,"<a href=""http://twitter.com/download/iphone"" rel=""nofollow"">Twitter for iPhone</a>",NA,NA,NA,NA,NA,,,,NA,TRUE,333,33599,FALSE,NA,FALSE,NA,art,FALSE,NA,3,NA,,1381671011893055500,1381671011893055495,,NA,NA,NA,NA,NA,NA,NA,NA,NA,NA
2021-04-12T19:16:24Z,1381687666849292300,1381687666849292294,SONUNA KADAR #fenerbahÃ§e https://t.co/LPAaFvC7kB,SONUNA KADAR #fenerbahÃ§e https://t.co/LPAaFvC7kB,FALSE,,"<a href=""http://twitter.com/download/iphone"" rel=""nofollow"">Twitter for iPhone</a>",NA,NA,NA,NA,NA,,,,NA,FALSE,754,41958,FALSE,NA,FALSE,NA,tr,FALSE,NA,24,NA,,NA,NA,,NA,NA,NA,NA,NA,NA,NA,NA,NA,NA
2021-04-05T21:40:00Z,1379187087988113400,1379187087988113415,â€œSigan a la @fundMariaGracia para enterarse de lo que estÃ¡n haciendo para reactivar este programa de ayuda con oxÃ­geno a la ciudadanÃ­aâ€ https://t.co/hEYpuXL0SB,â€œSigan a la @fundMariaGracia para enterarse de lo que estÃ¡n haciendo para reactivar este programa de ayuda con oxÃ­geno a la ciudadanÃ­aâ€ https://t.co/hEYpuXL0SB,FALSE,,"<a href=""http://twitter.com/download/iphone"" rel=""nofollow"">Twitter for iPhone</a>",NA,NA,NA,NA,NA,,,,NA,TRUE,29,399,FALSE,NA,FALSE,NA,es,FALSE,NA,135,NA,,1379134217372721200,1379134217372721160,,NA,NA,NA,NA,NA,NA,NA,NA,NA,NA
2021-04-05T20:22:00Z,1379167458448310300,1379167458448310274,ğŸ’›ğŸ’™ğŸ’ªğŸ» https://t.co/jcKaYcQKnP,ğŸ’›ğŸ’™ğŸ’ªğŸ» https://t.co/jcKaYcQKnP,FALSE,,"<a href=""http://twitter.com/download/iphone"" rel=""nofollow"">Twitter for iPhone</a>",NA,NA,NA,NA,NA,,,,NA,TRUE,248,17112,FALSE,NA,FALSE,NA,art,FALSE,NA,4,NA,,1379137229138841600,1379137229138841606,,NA,NA,NA,NA,NA,NA,NA,NA,NA,NA
2021-03-10T09:48:44Z,1369586005372715e3,1369586005372715008,Hermano ğŸ¤— https://t.co/2XyeyUeT1S,Hermano ğŸ¤— https://t.co/2XyeyUeT1S,FALSE,,"<a href=""http://twitter.com/download/iphone"" rel=""nofollow"">Twitter for iPhone</a>",NA,NA,NA,NA,NA,,,,NA,TRUE,84,8432,FALSE,NA,FALSE,NA,es,FALSE,NA,9,NA,,1369585719048560600,1369585719048560642,,NA,NA,NA,NA,NA,NA,NA,NA,NA,NA
2021-03-08T19:23:10Z,1369005794323267600,1369005794323267585,+3 #haydifener ğŸ’›ğŸ’™ https://t.co/Cm4OFUHq31,+3 #haydifener ğŸ’›ğŸ’™ https://t.co/Cm4OFUHq31,FALSE,,"<a href=""http://twitter.com/download/iphone"" rel=""nofollow"">Twitter for iPhone</a>",NA,NA,NA,NA,NA,,,,NA,FALSE,379,26073,FALSE,NA,FALSE,NA,und,FALSE,NA,17,NA,,NA,NA,,NA,NA,NA,NA,NA,NA,NA,NA,NA,NA
2021-02-13T19:58:10Z,1360679679313780700,1360679679313780737,Vamos #fener ğŸ’›ğŸ’™ https://t.co/Q0lKiarMnu,Vamos #fener ğŸ’›ğŸ’™ https://t.co/Q0lKiarMnu,FALSE,,"<a href=""http://twitter.com/download/iphone"" rel=""nofollow"">Twitter for iPhone</a>",NA,NA,NA,NA,NA,,,,NA,FALSE,582,40411,FALSE,NA,FALSE,NA,es,FALSE,NA,15,NA,,NA,NA,,NA,NA,NA,NA,NA,NA,NA,NA,NA,NA
2021-02-13T18:39:04Z,1360659772157157400,1360659772157157377,ğŸ‘ŒğŸ’›ğŸ’™ https://t.co/Tg8FpKLEtD,ğŸ‘ŒğŸ’›ğŸ’™ https://t.co/Tg8FpKLEtD,FALSE,,"<a href=""http://twitter.com/download/iphone"" rel=""nofollow"">Twitter for iPhone</a>",NA,NA,NA,NA,NA,,,,NA,TRUE,740,47669,FALSE,NA,FALSE,NA,art,FALSE,NA,3,NA,,1360658374669574100,1360658374669574145,,NA,NA,NA,NA,NA,NA,NA,NA,NA,NA
2021-01-30T19:24:07Z,1355597680358133800,1355597680358133761,Keep going #fener ğŸ’›ğŸ’™ https://t.co/oQyFb3eLOs,Keep going #fener ğŸ’›ğŸ’™ https://t.co/oQyFb3eLOs,FALSE,,"<a href=""http://twitter.com/download/iphone"" rel=""nofollow"">Twitter for iPhone</a>",NA,NA,NA,NA,NA,,,,NA,FALSE,642,33249,FALSE,NA,FALSE,NA,en,FALSE,NA,20,NA,,NA,NA,,NA,NA,NA,NA,NA,NA,NA,NA,NA,NA
2021-01-18T19:59:48Z,1351258004562309e3,1351258004562309123,+3 #haydifener https://t.co/TxG6rCI4nu,+3 #haydifener https://t.co/TxG6rCI4nu,FALSE,,"<a href=""http://twitter.com/download/iphone"" rel=""nofollow"">Twitter for iPhone</a>",NA,NA,NA,NA,NA,,,,NA,FALSE,815,44533,FALSE,NA,FALSE,NA,und,FALSE,NA,14,NA,,NA,NA,,NA,NA,NA,NA,NA,NA,NA,NA,NA,NA
2021-01-04T19:38:23Z,1346179184763277300,1346179184763277313,Happy to come back !  ğŸ”µğŸŸ¡ https://t.co/Xm4BXZYTdp,Happy to come back !  ğŸ”µğŸŸ¡ https://t.co/Xm4BXZYTdp,FALSE,,"<a href=""http://twitter.com/download/iphone"" rel=""nofollow"">Twitter for iPhone</a>",NA,NA,NA,NA,NA,,,,NA,FALSE,450,32815,FALSE,NA,FALSE,NA,en,FALSE,NA,24,NA,,NA,NA,,NA,NA,NA,NA,NA,NA,NA,NA,NA,NA
2020-12-31T21:37:58Z,1344759728455491600,1344759728455491589,Happy New Year For Everyone ğŸ† https://t.co/ogAhAhZjes,Happy New Year For Everyone ğŸ† https://t.co/ogAhAhZjes,FALSE,,"<a href=""http://twitter.com/download/iphone"" rel=""nofollow"">Twitter for iPhone</a>",NA,NA,NA,NA,NA,,,,NA,FALSE,138,10740,FALSE,NA,FALSE,NA,en,FALSE,NA,29,NA,,NA,NA,,NA,NA,NA,NA,NA,NA,NA,NA,NA,NA
2020-12-28T12:50:37Z,1343539852017627100,1343539852017627136,ğŸ˜ŠğŸ˜Š https://t.co/JpILxBPX75,ğŸ˜ŠğŸ˜Š https://t.co/JpILxBPX75,FALSE,,"<a href=""http://twitter.com/download/iphone"" rel=""nofollow"">Twitter for iPhone</a>",NA,NA,NA,NA,NA,,,,NA,TRUE,185,20117,FALSE,NA,FALSE,NA,art,FALSE,NA,2,NA,,1343512289559928800,1343512289559928837,,NA,NA,NA,NA,NA,NA,NA,NA,NA,NA
2020-12-24T21:07:27Z,1342215335190126600,1342215335190126592,"Feliz Navidad ğŸ„ y mucha salud para todos, Dios nos bendiga ğŸ™ https://t.co/TcGtoH0c3Z","Feliz Navidad ğŸ„ y mucha salud para todos, Dios nos bendiga ğŸ™ https://t.co/TcGtoH0c3Z",FALSE,,"<a href=""http://twitter.com/download/iphone"" rel=""nofollow"">Twitter for iPhone</a>",NA,NA,NA,NA,NA,,,,NA,FALSE,89,4669,FALSE,NA,FALSE,NA,es,FALSE,NA,60,NA,,NA,NA,,NA,NA,NA,NA,NA,NA,NA,NA,NA,NA
2020-11-29T14:46:40Z,1333059811563483100,1333059811563483137,ğŸ’ªğŸ»ğŸ’ªğŸ» https://t.co/yLoFloUztk,ğŸ’ªğŸ»ğŸ’ªğŸ» https://t.co/yLoFloUztk,FALSE,,"<a href=""http://twitter.com/download/iphone"" rel=""nofollow"">Twitter for iPhone</a>",NA,NA,NA,NA,NA,,,,NA,TRUE,16,836,FALSE,NA,FALSE,NA,art,FALSE,NA,4,NA,,1332778659636256800,1332778659636256772,,NA,NA,NA,NA,NA,NA,NA,NA,NA,NA
2020-11-25T15:46:15Z,1331625254658171e3,1331625254658170881,Family â¤ï¸ğŸ˜ https://t.co/4FTNnjyDbP,Family â¤ï¸ğŸ˜ https://t.co/4FTNnjyDbP,FALSE,,"<a href=""http://twitter.com/download/iphone"" rel=""nofollow"">Twitter for iPhone</a>",NA,NA,NA,NA,NA,,,,NA,FALSE,71,3070,FALSE,NA,FALSE,NA,en,FALSE,NA,10,NA,,NA,NA,,NA,NA,NA,NA,NA,NA,NA,NA,NA,NA
2020-11-18T02:12:06Z,1328883651535319e3,1328883651535319044,"Me acuerdo muy bien de ese dÃ­a hno, las revanchas del FUiTBOL ğŸ¤« https://t.co/SrbxjJZ1hk","Me acuerdo muy bien de ese dÃ­a hno, las revanchas del FUiTBOL ğŸ¤« https://t.co/SrbxjJZ1hk",FALSE,,"<a href=""http://twitter.com/download/iphone"" rel=""nofollow"">Twitter for iPhone</a>",NA,NA,NA,NA,NA,,,,NA,TRUE,388,3446,FALSE,NA,FALSE,NA,es,FALSE,NA,63,NA,,1328878232138100700,1328878232138100736,,NA,NA,NA,NA,NA,NA,NA,NA,NA,NA
2020-11-17T18:39:57Z,1328769863951773700,1328769863951773697,"Muy triste por no estar hoy con mis hermanos, pero mi corazÃ³n esta con uds!  Vamos TRI ğŸ‡ªğŸ‡¨ğŸ’ª https://t.co/FerhaVC1wy","Muy triste por no estar hoy con mis hermanos, pero mi corazÃ³n esta con uds!  Vamos TRI ğŸ‡ªğŸ‡¨ğŸ’ª https://t.co/FerhaVC1wy",FALSE,,"<a href=""http://twitter.com/download/iphone"" rel=""nofollow"">Twitter for iPhone</a>",NA,NA,NA,NA,NA,,,,NA,FALSE,227,4915,FALSE,NA,FALSE,NA,es,FALSE,NA,90,NA,,NA,NA,,NA,NA,NA,NA,NA,NA,NA,NA,NA,NA
2020-11-12T22:28:59Z,1327015564045410300,1327015564045410307,ğŸ’ªğŸ» https://t.co/xeOqtEiYZu,ğŸ’ªğŸ» https://t.co/xeOqtEiYZu,FALSE,,"<a href=""http://twitter.com/download/iphone"" rel=""nofollow"">Twitter for iPhone</a>",NA,NA,NA,NA,NA,,,,NA,TRUE,76,2932,FALSE,NA,FALSE,NA,art,FALSE,NA,2,NA,,1327013869655629800,1327013869655629825,,NA,NA,NA,NA,NA,NA,NA,NA,NA,NA
2020-11-04T16:29:05Z,1324025889538138e3,1324025889538138112,ğŸ’ªğŸ»ğŸ™ https://t.co/zfRzRaqbx4,ğŸ’ªğŸ»ğŸ™ https://t.co/zfRzRaqbx4,FALSE,,"<a href=""http://twitter.com/download/iphone"" rel=""nofollow"">Twitter for iPhone</a>",NA,NA,NA,NA,NA,,,,NA,TRUE,38,1473,FALSE,NA,FALSE,NA,art,FALSE,NA,3,NA,,1324024603967168500,1324024603967168513,,NA,NA,NA,NA,NA,NA,NA,NA,NA,NA
2020-11-04T06:50:55Z,1323880385227489300,1323880385227489281,Thank you ğŸ’™ğŸ’›ğŸ’ªğŸ» https://t.co/OmVQtddrvX,Thank you ğŸ’™ğŸ’›ğŸ’ªğŸ» https://t.co/OmVQtddrvX,FALSE,,"<a href=""http://twitter.com/download/iphone"" rel=""nofollow"">Twitter for iPhone</a>",NA,NA,NA,NA,NA,,,,NA,TRUE,95,5485,FALSE,NA,FALSE,NA,en,FALSE,NA,14,NA,,1323874619065991200,1323874619065991170,,NA,NA,NA,NA,NA,NA,NA,NA,NA,NA
2020-11-01T19:40:25Z,1322986874399580200,1322986874399580162,#NoTeConfies ğŸ‡ªğŸ‡¨ https://t.co/pRgmnPTFkP,#NoTeConfies ğŸ‡ªğŸ‡¨ https://t.co/pRgmnPTFkP,FALSE,,"<a href=""http://twitter.com/download/iphone"" rel=""nofollow"">Twitter for iPhone</a>",NA,NA,NA,NA,NA,,,,NA,FALSE,105,2918,FALSE,NA,FALSE,NA,und,FALSE,NA,15,NA,,NA,NA,,NA,NA,NA,NA,NA,NA,NA,NA,NA,NA
2020-10-25T19:39:25Z,1320449905949892600,1320449905949892609,So happy for my first Goal with @Fenerbahce ğŸŸ¡ğŸ”µ https://t.co/3M24qm5Sjf,So happy for my first Goal with @Fenerbahce ğŸŸ¡ğŸ”µ https://t.co/3M24qm5Sjf,FALSE,,"<a href=""http://twitter.com/download/iphone"" rel=""nofollow"">Twitter for iPhone</a>",NA,NA,NA,NA,NA,,,,NA,FALSE,402,12873,FALSE,NA,FALSE,NA,en,FALSE,NA,46,NA,,NA,NA,,NA,NA,NA,NA,NA,NA,NA,NA,NA,NA
